[
  {
    "dimension": {
      "f_135804_": "minecraft",
      "f_135805_": "overworld"
    },
    "id": "26222666-1adc-4d75-b007-8761106d5d58",
    "ownerID": "5879d697-5217-3ad6-8b19-02b89eaddadc",
    "pos": {
      "f_123285_": 127,
      "f_123286_": 74,
      "f_123289_": 1144
    },
    "type": 1
  },
  {
    "dimension": {
      "f_135804_": "minecraft",
      "f_135805_": "overworld"
    },
    "id": "80bddc6b-4d94-41f4-933d-3fa4df4874a5",
    "ownerID": "42e6b95f-7938-37d4-adf4-be6c863fbe2d",
    "pos": {
      "f_123285_": 121,
      "f_123286_": 80,
      "f_123289_": 1141
    },
    "type": 1
  }
]