[
  {
    "dimension": {
      "f_135804_": "minecraft",
      "f_135805_": "overworld"
    },
    "id": "07451f60-a657-4766-b984-bee0fb8808e0",
    "ownerID": "42e6b95f-7938-37d4-adf4-be6c863fbe2d",
    "pos": {
      "f_123285_": 150,
      "f_123286_": 71,
      "f_123289_": 459
    },
    "type": 0
  },
  {
    "dimension": {
      "f_135804_": "minecraft",
      "f_135805_": "overworld"
    },
    "id": "684cb7a5-f0d6-4dab-a288-d1ce85d2a225",
    "ownerID": "42e6b95f-7938-37d4-adf4-be6c863fbe2d",
    "pos": {
      "f_123285_": 129,
      "f_123286_": 65,
      "f_123289_": 139
    },
    "type": 0
  },
  {
    "dimension": {
      "f_135804_": "minecraft",
      "f_135805_": "overworld"
    },
    "id": "5ab850f2-459e-4d61-9b6d-90b71981a387",
    "ownerID": "5879d697-5217-3ad6-8b19-02b89eaddadc",
    "pos": {
      "f_123285_": 133,
      "f_123286_": 71,
      "f_123289_": 469
    },
    "type": 0
  }
]