{"stats":{"minecraft:picked_up":{"minecraft:stripped_oak_log":1,"minecraft:leather_chestplate":1,"minecraft:ladder":6,"minecraft:flower_pot":1,"minecraft:yellow_wool":1,"minecraft:leather":7,"minecraft:oak_stairs":79,"minecraft:oak_log":26,"minecraft:cobblestone_stairs":1,"minecraft:dirt":34,"minecraft:raw_copper":2,"minecraft:leather_boots":1,"minecraft:wheat_seeds":31,"minecraft:spruce_planks":496,"minecraft:beef":17,"minecraft:rose_bush":2,"minecraft:poppy":3,"minecraft:oak_planks":88,"minecraft:oak_slab":3,"minecraft:stick":1790,"minecraft:raw_iron":11,"minecraft:oak_door":1,"minecraft:sweet_berries":90,"minecraft:oak_fence":6,"minecraft:torch":11,"minecraft:dandelion":1,"minecraft:porkchop":21,"minecraft:spruce_sapling":4,"minecraft:spruce_log":58,"minecraft:carrot":113,"minecraft:mossy_cobblestone":4,"minecraft:rotten_flesh":5,"minecraft:yellow_carpet":3,"minecraft:stone_axe":1,"minecraft:emerald":10,"minecraft:oak_sapling":1,"minecraft:mutton":2,"minecraft:coal":22,"minecraft:white_wool":5,"minecraft:cobblestone":41},"minecraft:used":{"minecraft:stone_sword":73,"minecraft:stone_shovel":1,"minecraft:stone_pickaxe":52,"minecraft:poppy":1,"minecraft:spruce_planks":1,"minecraft:leather_chestplate":1,"minecraft:leather_boots":1,"minecraft:dirt":28,"minecraft:bread":5,"minecraft:golden_leggings":1,"minecraft:stone_axe":177,"minecraft:golden_carrot":6,"minecraft:cobblestone":28,"minecraft:sweet_berries":51},"minecraft:killed":{"minecraft:pig":11,"minecraft:sheep":2,"minecraft:zombie":4,"minecraft:cow":7},"minecraft:custom":{"minecraft:mob_kills":24,"minecraft:traded_with_villager":56,"minecraft:interact_with_crafting_table":5,"minecraft:leave_game":1,"minecraft:time_since_death":63633,"minecraft:climb_one_cm":4411,"minecraft:time_since_rest":63692,"minecraft:sprint_one_cm":403781,"minecraft:damage_taken":855,"minecraft:walk_one_cm":337494,"minecraft:drop":364,"minecraft:damage_dealt":2982,"minecraft:swim_one_cm":8135,"minecraft:talked_to_villager":18,"minecraft:fly_one_cm":201064,"minecraft:open_chest":20,"minecraft:crouch_one_cm":9054,"minecraft:play_time":90851,"minecraft:deaths":1,"minecraft:sneak_time":2222,"minecraft:walk_under_water_one_cm":3812,"minecraft:jump":1409,"minecraft:walk_on_water_one_cm":16301,"minecraft:total_world_time":90851,"minecraft:fall_one_cm":21976,"minecraft:horse_one_cm":1086},"minecraft:crafted":{"minecraft:stone_shovel":4,"minecraft:emerald":56,"minecraft:spruce_planks":1256,"minecraft:stone_axe":4,"minecraft:stick":3112,"minecraft:stone_pickaxe":4,"minecraft:stone_sword":4},"minecraft:killed_by":{"minecraft:player":1},"minecraft:dropped":{"minecraft:oak_slab":3,"minecraft:sweet_berries":7,"minecraft:oak_log":26,"minecraft:raw_copper":2,"minecraft:mossy_cobblestone":4,"minecraft:yellow_wool":1,"minecraft:oak_fence":6,"minecraft:cobblestone":39,"minecraft:oak_planks":88,"minecraft:stripped_oak_log":1,"minecraft:carrot":113,"minecraft:yellow_carpet":3,"minecraft:stick":230,"minecraft:cobblestone_stairs":1,"minecraft:emerald":21,"minecraft:dirt":2,"minecraft:flower_pot":1,"minecraft:torch":1,"minecraft:spruce_planks":195,"minecraft:rose_bush":2,"minecraft:ladder":6,"minecraft:oak_stairs":79,"minecraft:white_wool":1,"minecraft:spruce_sapling":2,"minecraft:dandelion":1,"minecraft:oak_door":1},"minecraft:broken":{"minecraft:stone_pickaxe":1,"minecraft:stone_axe":2},"minecraft:mined":{"minecraft:oak_slab":4,"minecraft:spruce_planks":1,"minecraft:glass_pane":7,"minecraft:mossy_cobblestone":4,"minecraft:oak_door":1,"minecraft:oak_fence":6,"minecraft:short_grass":238,"minecraft:grass_block":23,"minecraft:poppy":2,"minecraft:yellow_carpet":1,"minecraft:rose_bush":1,"minecraft:cobblestone":36,"minecraft:spruce_leaves":4,"minecraft:sugar_cane":2,"minecraft:oak_planks":52,"minecraft:yellow_wool":1,"minecraft:iron_ore":2,"minecraft:spruce_log":1,"minecraft:coal_ore":5,"minecraft:potted_dandelion":1,"minecraft:oak_log":26,"minecraft:vine":2,"minecraft:oak_stairs":80,"minecraft:dirt":9,"minecraft:stripped_oak_log":1,"minecraft:fern":39,"minecraft:white_wool":1,"minecraft:oak_leaves":10}},"DataVersion":3953}