{"stats":{"minecraft:crafted":{"minecraft:oak_planks":16,"minecraft:crafting_table":2,"minecraft:enchanting_table":1,"minecraft:wooden_pickaxe":1,"minecraft:iron_helmet":1,"minecraft:furnace":1,"minecraft:bucket":1,"minecraft:stone_axe":1,"minecraft:acacia_boat":1,"minecraft:bread":18,"minecraft:air":0,"minecraft:flint_and_steel":1,"minecraft:oak_boat":1,"minecraft:book":1,"minecraft:diamond_helmet":1,"minecraft:iron_chestplate":1,"minecraft:diamond_leggings":1,"minecraft:iron_boots":1,"minecraft:paper":3,"minecraft:diamond_pickaxe":1,"minecraft:stick":24,"minecraft:iron_ingot":20,"minecraft:iron_pickaxe":2,"minecraft:stone_pickaxe":5,"minecraft:diamond_boots":1,"minecraft:iron_leggings":1,"minecraft:white_bed":1,"minecraft:acacia_planks":32,"minecraft:torch":8,"minecraft:wheat":54,"minecraft:diamond_chestplate":2},"minecraft:dropped":{"minecraft:gravel":2,"minecraft:sugar_cane":22,"minecraft:wheat_seeds":8,"minecraft:lapis_lazuli":16,"minecraft:iron_nugget":13,"minecraft:golden_chestplate":1,"minecraft:cobbled_deepslate":69,"minecraft:tuff":16,"minecraft:prismarine_crystals":3,"minecraft:iron_helmet":1,"minecraft:cobblestone":13,"minecraft:iron_boots":1,"minecraft:leather":4,"minecraft:stick":4,"minecraft:filled_map":2,"minecraft:dirt":5,"minecraft:diamond_chestplate":1,"minecraft:spruce_planks":1,"minecraft:iron_chestplate":1,"minecraft:fire_charge":1,"minecraft:iron_leggings":1,"minecraft:sand":21,"minecraft:wooden_pickaxe":1,"minecraft:stone_pickaxe":1,"minecraft:paper":1,"minecraft:white_wool":3},"minecraft:custom":{"minecraft:interact_with_furnace":13,"minecraft:mob_kills":5,"minecraft:interact_with_crafting_table":27,"minecraft:leave_game":2,"minecraft:time_since_death":95062,"minecraft:sleep_in_bed":2,"minecraft:time_since_rest":30265,"minecraft:sprint_one_cm":205261,"minecraft:damage_taken":465,"minecraft:walk_one_cm":71931,"minecraft:drop":38,"minecraft:damage_dealt":891,"minecraft:swim_one_cm":71366,"minecraft:fly_one_cm":541619,"minecraft:open_chest":10,"minecraft:crouch_one_cm":56110,"minecraft:play_time":95062,"minecraft:sneak_time":27910,"minecraft:walk_under_water_one_cm":5679,"minecraft:boat_one_cm":246410,"minecraft:jump":2154,"minecraft:walk_on_water_one_cm":9574,"minecraft:total_world_time":95062,"minecraft:fall_one_cm":78137},"minecraft:broken":{"minecraft:stone_pickaxe":4,"minecraft:iron_pickaxe":1},"minecraft:mined":{"minecraft:deepslate_redstone_ore":4,"minecraft:tuff":62,"minecraft:spruce_planks":1,"minecraft:white_bed":2,"minecraft:deepslate_diamond_ore":7,"minecraft:obsidian":22,"minecraft:crafting_table":14,"minecraft:torch":4,"minecraft:granite":3,"minecraft:short_grass":345,"minecraft:acacia_log":8,"minecraft:grass_block":11,"minecraft:tall_grass":52,"minecraft:copper_ore":2,"minecraft:deepslate_gold_ore":1,"minecraft:wall_torch":1,"minecraft:hay_block":10,"minecraft:cobbled_deepslate":1,"minecraft:fire":5,"minecraft:furnace":3,"minecraft:iron_ore":2,"minecraft:andesite":10,"minecraft:tnt":5,"minecraft:coal_ore":2,"minecraft:oak_log":4,"minecraft:deepslate_iron_ore":2,"minecraft:dirt":8,"minecraft:gravel":31,"minecraft:sand":14,"minecraft:stone":52,"minecraft:netherrack":12,"minecraft:oak_leaves":4,"minecraft:deepslate":649},"minecraft:killed":{"minecraft:horse":1,"minecraft:sheep":3,"minecraft:zombie":1},"minecraft:used":{"minecraft:acacia_boat":2,"minecraft:water_bucket":3,"minecraft:enchanting_table":1,"minecraft:diamond_boots":1,"minecraft:flint_and_steel":9,"minecraft:stone_pickaxe":585,"minecraft:wooden_pickaxe":6,"minecraft:cooked_salmon":3,"minecraft:torch":21,"minecraft:dirt":9,"minecraft:sand":14,"minecraft:tnt":9,"minecraft:crafting_table":14,"minecraft:diamond_helmet":1,"minecraft:white_bed":2,"minecraft:golden_chestplate":1,"minecraft:obsidian":20,"minecraft:diamond_pickaxe":37,"minecraft:bread":18,"minecraft:iron_pickaxe":211,"minecraft:gravel":17,"minecraft:stone_axe":89,"minecraft:diamond_chestplate":1,"minecraft:cobblestone":4,"minecraft:cooked_cod":1,"minecraft:furnace":3,"minecraft:bucket":4,"minecraft:oak_boat":3,"minecraft:dandelion":2,"minecraft:diamond_leggings":1,"minecraft:cobbled_deepslate":52},"minecraft:picked_up":{"minecraft:crafting_table":13,"minecraft:leather":16,"minecraft:filled_map":1,"minecraft:flint":1,"minecraft:tuff":16,"minecraft:oak_log":4,"minecraft:acacia_boat":1,"minecraft:paper":3,"minecraft:dirt":17,"minecraft:raw_copper":31,"minecraft:wheat_seeds":8,"minecraft:cobbled_deepslate":464,"minecraft:raw_gold":6,"minecraft:spruce_planks":1,"minecraft:stone_pickaxe":1,"minecraft:oak_boat":2,"minecraft:sugar_cane":47,"minecraft:furnace":3,"minecraft:stick":2,"minecraft:raw_iron":41,"minecraft:sweet_berries":12,"minecraft:dandelion":2,"minecraft:torch":21,"minecraft:acacia_log":8,"minecraft:gravel":19,"minecraft:sand":35,"minecraft:white_bed":2,"minecraft:redstone":80,"minecraft:tnt":7,"minecraft:diamond":38,"minecraft:hay_block":10,"minecraft:obsidian":22,"minecraft:mutton":6,"minecraft:coal":113,"minecraft:white_wool":6,"minecraft:cobblestone":34}},"DataVersion":3955}