{"stats":{"minecraft:crafted":{"minecraft:oak_boat":1,"minecraft:oak_planks":16,"minecraft:crafting_table":1,"minecraft:stick":4},"minecraft:picked_up":{"minecraft:crafting_table":1,"minecraft:dandelion":2,"minecraft:oak_boat":1,"minecraft:oak_log":4,"minecraft:dirt":6},"minecraft:used":{"minecraft:crafting_table":1,"minecraft:oak_boat":1,"minecraft:golden_chestplate":1,"minecraft:dandelion":2},"minecraft:custom":{"minecraft:open_chest":4,"minecraft:time_since_rest":5972,"minecraft:crouch_one_cm":946,"minecraft:play_time":5972,"minecraft:sprint_one_cm":12544,"minecraft:damage_taken":20,"minecraft:walk_one_cm":2002,"minecraft:sneak_time":396,"minecraft:walk_under_water_one_cm":1978,"minecraft:boat_one_cm":64452,"minecraft:jump":128,"minecraft:time_since_death":5972,"minecraft:walk_on_water_one_cm":2935,"minecraft:total_world_time":5972,"minecraft:swim_one_cm":26371,"minecraft:interact_with_crafting_table":1,"minecraft:fall_one_cm":3562,"minecraft:fly_one_cm":35518},"minecraft:mined":{"minecraft:short_grass":27,"minecraft:grass_block":3,"minecraft:oak_log":4,"minecraft:dirt":3,"minecraft:tall_grass":4,"minecraft:oak_leaves":2,"minecraft:crafting_table":1}},"DataVersion":3955}