{"stats":{"minecraft:dropped":{"minecraft:gravel":2,"minecraft:wheat_seeds":1,"minecraft:golden_chestplate":1,"minecraft:cobbled_deepslate":7,"minecraft:tuff":16,"minecraft:iron_helmet":1,"minecraft:prismarine_crystals":3,"minecraft:cobblestone":12,"minecraft:iron_boots":1,"minecraft:stick":2,"minecraft:filled_map":2,"minecraft:diamond_chestplate":1,"minecraft:spruce_planks":1,"minecraft:iron_chestplate":1,"minecraft:fire_charge":1,"minecraft:iron_leggings":1,"minecraft:wooden_pickaxe":1,"minecraft:paper":1,"minecraft:white_wool":3},"minecraft:crafted":{"minecraft:oak_planks":16,"minecraft:crafting_table":2,"minecraft:wooden_pickaxe":1,"minecraft:iron_helmet":1,"minecraft:furnace":1,"minecraft:stone_axe":1,"minecraft:bread":18,"minecraft:air":0,"minecraft:oak_boat":1,"minecraft:diamond_helmet":1,"minecraft:diamond_leggings":1,"minecraft:iron_boots":1,"minecraft:iron_chestplate":1,"minecraft:stick":24,"minecraft:iron_ingot":7,"minecraft:iron_pickaxe":2,"minecraft:stone_pickaxe":4,"minecraft:diamond_boots":1,"minecraft:iron_leggings":1,"minecraft:acacia_planks":32,"minecraft:torch":8,"minecraft:diamond_chestplate":2,"minecraft:wheat":54},"minecraft:broken":{"minecraft:stone_pickaxe":3,"minecraft:iron_pickaxe":1},"minecraft:picked_up":{"minecraft:crafting_table":10,"minecraft:filled_map":1,"minecraft:tuff":16,"minecraft:oak_log":4,"minecraft:dirt":6,"minecraft:raw_copper":7,"minecraft:wheat_seeds":5,"minecraft:cobbled_deepslate":298,"minecraft:raw_gold":6,"minecraft:spruce_planks":1,"minecraft:oak_boat":2,"minecraft:furnace":2,"minecraft:stick":2,"minecraft:raw_iron":38,"minecraft:dandelion":2,"minecraft:torch":21,"minecraft:acacia_log":8,"minecraft:gravel":2,"minecraft:sand":35,"minecraft:redstone":60,"minecraft:diamond":32,"minecraft:hay_block":10,"minecraft:mutton":6,"minecraft:coal":87,"minecraft:white_wool":6,"minecraft:cobblestone":33},"minecraft:used":{"minecraft:diamond_boots":1,"minecraft:stone_pickaxe":371,"minecraft:wooden_pickaxe":6,"minecraft:torch":21,"minecraft:dirt":6,"minecraft:sand":14,"minecraft:crafting_table":11,"minecraft:diamond_helmet":1,"minecraft:golden_chestplate":1,"minecraft:bread":6,"minecraft:iron_pickaxe":208,"minecraft:diamond_chestplate":1,"minecraft:stone_axe":20,"minecraft:cobblestone":4,"minecraft:furnace":2,"minecraft:oak_boat":3,"minecraft:cobbled_deepslate":1,"minecraft:diamond_leggings":1,"minecraft:dandelion":2},"minecraft:custom":{"minecraft:interact_with_furnace":7,"minecraft:mob_kills":3,"minecraft:interact_with_crafting_table":19,"minecraft:leave_game":1,"minecraft:time_since_death":44860,"minecraft:sleep_in_bed":1,"minecraft:time_since_rest":34049,"minecraft:sprint_one_cm":52530,"minecraft:damage_taken":135,"minecraft:walk_one_cm":28126,"minecraft:drop":23,"minecraft:damage_dealt":240,"minecraft:swim_one_cm":67005,"minecraft:fly_one_cm":127533,"minecraft:open_chest":6,"minecraft:crouch_one_cm":34019,"minecraft:play_time":44860,"minecraft:sneak_time":17047,"minecraft:walk_under_water_one_cm":5038,"minecraft:boat_one_cm":119187,"minecraft:jump":587,"minecraft:walk_on_water_one_cm":5375,"minecraft:total_world_time":44860,"minecraft:fall_one_cm":13387},"minecraft:killed":{"minecraft:sheep":3},"minecraft:mined":{"minecraft:deepslate_redstone_ore":3,"minecraft:tuff":43,"minecraft:spruce_planks":1,"minecraft:deepslate_diamond_ore":5,"minecraft:crafting_table":11,"minecraft:torch":4,"minecraft:granite":3,"minecraft:short_grass":51,"minecraft:acacia_log":8,"minecraft:grass_block":3,"minecraft:tall_grass":8,"minecraft:copper_ore":1,"minecraft:deepslate_gold_ore":1,"minecraft:wall_torch":1,"minecraft:hay_block":10,"minecraft:furnace":2,"minecraft:iron_ore":1,"minecraft:andesite":5,"minecraft:oak_log":4,"minecraft:coal_ore":2,"minecraft:deepslate_iron_ore":2,"minecraft:gravel":12,"minecraft:sand":14,"minecraft:dirt":5,"minecraft:stone":46,"minecraft:oak_leaves":2,"minecraft:deepslate":466}},"DataVersion":3955}