{"stats":{"minecraft:dropped":{"minecraft:gravel":2,"minecraft:wheat_seeds":5,"minecraft:lapis_lazuli":16,"minecraft:golden_chestplate":1,"minecraft:cobbled_deepslate":69,"minecraft:tuff":16,"minecraft:prismarine_crystals":3,"minecraft:iron_helmet":1,"minecraft:cobblestone":13,"minecraft:iron_boots":1,"minecraft:leather":4,"minecraft:stick":4,"minecraft:filled_map":2,"minecraft:dirt":5,"minecraft:diamond_chestplate":1,"minecraft:spruce_planks":1,"minecraft:iron_chestplate":1,"minecraft:fire_charge":1,"minecraft:iron_leggings":1,"minecraft:sand":21,"minecraft:stone_pickaxe":1,"minecraft:wooden_pickaxe":1,"minecraft:paper":1,"minecraft:white_wool":3},"minecraft:crafted":{"minecraft:oak_planks":16,"minecraft:crafting_table":2,"minecraft:wooden_pickaxe":1,"minecraft:iron_helmet":1,"minecraft:furnace":1,"minecraft:bucket":1,"minecraft:stone_axe":1,"minecraft:bread":18,"minecraft:air":0,"minecraft:flint_and_steel":1,"minecraft:oak_boat":1,"minecraft:diamond_helmet":1,"minecraft:diamond_leggings":1,"minecraft:iron_boots":1,"minecraft:iron_chestplate":1,"minecraft:diamond_pickaxe":1,"minecraft:stick":24,"minecraft:iron_ingot":20,"minecraft:iron_pickaxe":2,"minecraft:stone_pickaxe":5,"minecraft:diamond_boots":1,"minecraft:iron_leggings":1,"minecraft:white_bed":1,"minecraft:acacia_planks":32,"minecraft:torch":8,"minecraft:wheat":54,"minecraft:diamond_chestplate":2},"minecraft:broken":{"minecraft:stone_pickaxe":4,"minecraft:iron_pickaxe":1},"minecraft:picked_up":{"minecraft:crafting_table":11,"minecraft:leather":4,"minecraft:filled_map":1,"minecraft:flint":1,"minecraft:tuff":16,"minecraft:oak_log":4,"minecraft:dirt":12,"minecraft:raw_copper":31,"minecraft:wheat_seeds":5,"minecraft:cobbled_deepslate":463,"minecraft:raw_gold":6,"minecraft:spruce_planks":1,"minecraft:stone_pickaxe":1,"minecraft:oak_boat":2,"minecraft:furnace":3,"minecraft:stick":2,"minecraft:raw_iron":41,"minecraft:dandelion":2,"minecraft:torch":21,"minecraft:acacia_log":8,"minecraft:gravel":19,"minecraft:sand":35,"minecraft:white_bed":2,"minecraft:redstone":80,"minecraft:tnt":6,"minecraft:diamond":38,"minecraft:hay_block":10,"minecraft:obsidian":12,"minecraft:mutton":6,"minecraft:coal":113,"minecraft:white_wool":6,"minecraft:cobblestone":34},"minecraft:used":{"minecraft:water_bucket":3,"minecraft:diamond_boots":1,"minecraft:flint_and_steel":1,"minecraft:stone_pickaxe":585,"minecraft:wooden_pickaxe":6,"minecraft:torch":21,"minecraft:dirt":7,"minecraft:sand":14,"minecraft:tnt":6,"minecraft:crafting_table":13,"minecraft:diamond_helmet":1,"minecraft:white_bed":2,"minecraft:golden_chestplate":1,"minecraft:obsidian":10,"minecraft:diamond_pickaxe":14,"minecraft:bread":13,"minecraft:iron_pickaxe":211,"minecraft:gravel":17,"minecraft:stone_axe":48,"minecraft:diamond_chestplate":1,"minecraft:cobblestone":4,"minecraft:furnace":3,"minecraft:bucket":4,"minecraft:oak_boat":3,"minecraft:diamond_leggings":1,"minecraft:cobbled_deepslate":18,"minecraft:dandelion":2},"minecraft:custom":{"minecraft:interact_with_furnace":13,"minecraft:mob_kills":5,"minecraft:interact_with_crafting_table":23,"minecraft:leave_game":1,"minecraft:time_since_death":68839,"minecraft:sleep_in_bed":2,"minecraft:time_since_rest":4042,"minecraft:sprint_one_cm":115577,"minecraft:damage_taken":260,"minecraft:walk_one_cm":54923,"minecraft:drop":34,"minecraft:damage_dealt":699,"minecraft:swim_one_cm":68325,"minecraft:fly_one_cm":277356,"minecraft:open_chest":6,"minecraft:crouch_one_cm":50546,"minecraft:play_time":68839,"minecraft:sneak_time":25453,"minecraft:walk_under_water_one_cm":5079,"minecraft:boat_one_cm":119187,"minecraft:jump":1165,"minecraft:walk_on_water_one_cm":7222,"minecraft:total_world_time":68839,"minecraft:fall_one_cm":36055},"minecraft:killed":{"minecraft:horse":1,"minecraft:sheep":3,"minecraft:zombie":1},"minecraft:mined":{"minecraft:deepslate_redstone_ore":4,"minecraft:tuff":62,"minecraft:spruce_planks":1,"minecraft:white_bed":2,"minecraft:deepslate_diamond_ore":7,"minecraft:obsidian":12,"minecraft:crafting_table":12,"minecraft:torch":4,"minecraft:granite":3,"minecraft:short_grass":125,"minecraft:acacia_log":8,"minecraft:grass_block":7,"minecraft:copper_ore":2,"minecraft:tall_grass":44,"minecraft:deepslate_gold_ore":1,"minecraft:wall_torch":1,"minecraft:hay_block":10,"minecraft:furnace":3,"minecraft:iron_ore":2,"minecraft:andesite":10,"minecraft:tnt":5,"minecraft:coal_ore":2,"minecraft:oak_log":4,"minecraft:deepslate_iron_ore":2,"minecraft:dirt":6,"minecraft:gravel":31,"minecraft:sand":14,"minecraft:stone":52,"minecraft:oak_leaves":4,"minecraft:deepslate":649}},"DataVersion":3955}