{"stats":{"minecraft:dropped":{"minecraft:gravel":2,"minecraft:wheat_seeds":1,"minecraft:golden_chestplate":1,"minecraft:cobbled_deepslate":5,"minecraft:cobblestone":4,"minecraft:stick":2,"minecraft:spruce_planks":1,"minecraft:fire_charge":1,"minecraft:paper":1},"minecraft:crafted":{"minecraft:oak_planks":16,"minecraft:crafting_table":1,"minecraft:wooden_pickaxe":1,"minecraft:iron_helmet":1,"minecraft:furnace":1,"minecraft:stone_axe":1,"minecraft:bread":18,"minecraft:air":0,"minecraft:oak_boat":1,"minecraft:iron_boots":1,"minecraft:iron_chestplate":1,"minecraft:stick":16,"minecraft:iron_ingot":3,"minecraft:iron_pickaxe":1,"minecraft:stone_pickaxe":3,"minecraft:iron_leggings":1,"minecraft:acacia_planks":32,"minecraft:torch":8,"minecraft:wheat":54},"minecraft:broken":{"minecraft:stone_pickaxe":2},"minecraft:picked_up":{"minecraft:crafting_table":7,"minecraft:oak_log":4,"minecraft:dirt":6,"minecraft:raw_copper":7,"minecraft:wheat_seeds":1,"minecraft:cobbled_deepslate":203,"minecraft:raw_gold":6,"minecraft:spruce_planks":1,"minecraft:oak_boat":2,"minecraft:furnace":1,"minecraft:stick":2,"minecraft:raw_iron":28,"minecraft:dandelion":2,"minecraft:torch":21,"minecraft:acacia_log":8,"minecraft:gravel":2,"minecraft:sand":35,"minecraft:redstone":60,"minecraft:diamond":32,"minecraft:hay_block":10,"minecraft:mutton":6,"minecraft:coal":59,"minecraft:white_wool":3,"minecraft:cobblestone":22},"minecraft:used":{"minecraft:stone_pickaxe":328,"minecraft:wooden_pickaxe":4,"minecraft:torch":21,"minecraft:dirt":6,"minecraft:sand":14,"minecraft:crafting_table":8,"minecraft:golden_chestplate":1,"minecraft:bread":4,"minecraft:iron_pickaxe":153,"minecraft:stone_axe":17,"minecraft:cobblestone":4,"minecraft:furnace":1,"minecraft:oak_boat":3,"minecraft:dandelion":2},"minecraft:custom":{"minecraft:interact_with_furnace":3,"minecraft:mob_kills":3,"minecraft:interact_with_crafting_table":12,"minecraft:time_since_death":35972,"minecraft:sleep_in_bed":1,"minecraft:time_since_rest":25161,"minecraft:sprint_one_cm":35436,"minecraft:damage_taken":132,"minecraft:walk_one_cm":23733,"minecraft:drop":9,"minecraft:damage_dealt":240,"minecraft:swim_one_cm":61779,"minecraft:fly_one_cm":102932,"minecraft:open_chest":6,"minecraft:crouch_one_cm":29812,"minecraft:play_time":35972,"minecraft:sneak_time":14956,"minecraft:walk_under_water_one_cm":4542,"minecraft:boat_one_cm":119187,"minecraft:jump":425,"minecraft:walk_on_water_one_cm":5047,"minecraft:total_world_time":35972,"minecraft:fall_one_cm":12133},"minecraft:killed":{"minecraft:sheep":3},"minecraft:mined":{"minecraft:deepslate_redstone_ore":3,"minecraft:tuff":18,"minecraft:spruce_planks":1,"minecraft:deepslate_diamond_ore":5,"minecraft:crafting_table":8,"minecraft:torch":4,"minecraft:short_grass":38,"minecraft:acacia_log":8,"minecraft:grass_block":3,"minecraft:tall_grass":6,"minecraft:copper_ore":1,"minecraft:deepslate_gold_ore":1,"minecraft:wall_torch":1,"minecraft:hay_block":10,"minecraft:furnace":1,"minecraft:iron_ore":1,"minecraft:oak_log":4,"minecraft:coal_ore":2,"minecraft:deepslate_iron_ore":2,"minecraft:gravel":11,"minecraft:sand":14,"minecraft:dirt":5,"minecraft:stone":22,"minecraft:oak_leaves":2,"minecraft:deepslate":425}},"DataVersion":3955}