{"stats":{"minecraft:crafted":{"minecraft:oak_boat":1,"minecraft:oak_planks":16,"minecraft:iron_boots":1,"minecraft:iron_chestplate":1,"minecraft:crafting_table":1,"minecraft:stick":8,"minecraft:iron_ingot":2,"minecraft:stone_pickaxe":1,"minecraft:wooden_pickaxe":1,"minecraft:iron_helmet":1,"minecraft:iron_leggings":1,"minecraft:furnace":1,"minecraft:torch":8,"minecraft:stone_axe":1,"minecraft:air":0,"minecraft:bread":18,"minecraft:wheat":54},"minecraft:picked_up":{"minecraft:raw_iron":14,"minecraft:crafting_table":5,"minecraft:torch":21,"minecraft:acacia_log":8,"minecraft:dandelion":2,"minecraft:sand":35,"minecraft:oak_log":4,"minecraft:dirt":6,"minecraft:raw_copper":7,"minecraft:wheat_seeds":1,"minecraft:cobbled_deepslate":22,"minecraft:spruce_planks":1,"minecraft:hay_block":10,"minecraft:oak_boat":2,"minecraft:mutton":6,"minecraft:coal":30,"minecraft:white_wool":3,"minecraft:cobblestone":22},"minecraft:used":{"minecraft:bread":3,"minecraft:stone_pickaxe":45,"minecraft:wooden_pickaxe":4,"minecraft:stone_axe":14,"minecraft:torch":21,"minecraft:sand":2,"minecraft:dirt":4,"minecraft:crafting_table":5,"minecraft:furnace":1,"minecraft:oak_boat":3,"minecraft:golden_chestplate":1,"minecraft:dandelion":2},"minecraft:custom":{"minecraft:time_since_rest":7161,"minecraft:interact_with_furnace":2,"minecraft:sprint_one_cm":31920,"minecraft:damage_taken":40,"minecraft:walk_one_cm":17845,"minecraft:mob_kills":3,"minecraft:damage_dealt":240,"minecraft:swim_one_cm":61779,"minecraft:interact_with_crafting_table":9,"minecraft:fly_one_cm":100259,"minecraft:open_chest":6,"minecraft:crouch_one_cm":5189,"minecraft:play_time":17972,"minecraft:sneak_time":2493,"minecraft:walk_under_water_one_cm":4542,"minecraft:boat_one_cm":119187,"minecraft:jump":399,"minecraft:walk_on_water_one_cm":5047,"minecraft:time_since_death":17972,"minecraft:sleep_in_bed":1,"minecraft:total_world_time":17972,"minecraft:fall_one_cm":11314},"minecraft:killed":{"minecraft:sheep":3},"minecraft:mined":{"minecraft:hay_block":10,"minecraft:spruce_planks":1,"minecraft:iron_ore":1,"minecraft:crafting_table":5,"minecraft:torch":4,"minecraft:coal_ore":2,"minecraft:acacia_log":8,"minecraft:short_grass":38,"minecraft:oak_log":4,"minecraft:grass_block":3,"minecraft:deepslate_iron_ore":1,"minecraft:dirt":3,"minecraft:sand":14,"minecraft:copper_ore":1,"minecraft:tall_grass":6,"minecraft:stone":22,"minecraft:deepslate":22,"minecraft:wall_torch":1,"minecraft:oak_leaves":2}},"DataVersion":3955}