{"stats":{"minecraft:killed_by":{"minecraft:player":1},"minecraft:custom":{"minecraft:time_since_rest":3147,"enigmaticlegacy:play_time_with_seven_curses":0,"minecraft:walk_one_cm":6938,"minecraft:crouch_one_cm":7,"minecraft:play_time":10321,"lootr:looted_stat":1,"minecraft:sprint_one_cm":5825,"minecraft:damage_absorbed":200,"minecraft:damage_taken":395,"minecraft:deaths":1,"minecraft:sneak_time":79,"minecraft:drop":1,"minecraft:jump":40,"minecraft:damage_dealt":98,"minecraft:walk_on_water_one_cm":828,"minecraft:time_since_death":3114,"enigmaticlegacy:play_time_without_seven_curses":10288,"minecraft:total_world_time":10321,"minecraft:fall_one_cm":1861,"minecraft:fly_one_cm":6595},"minecraft:dropped":{"minecraft:sunflower":1},"minecraft:picked_up":{"minecraft:apple":10,"twigs:twig":2,"minecraft:sunflower":1},"minecraft:mined":{"minecraft:sunflower":1,"vinery:apple_leaves":6,"vinery:apple_log":7}},"DataVersion":3120}