{"stats":{"minecraft:killed":{"minecraft:zombified_piglin":2,"aquaculture:bluegill":1,"enemyexpansion:equestrian":2,"minecraft:spider":4,"minecraft:vindicator":14,"royalvariations:royal_skeleton":1,"enemyexpansion:direwolf":4,"humancompanions:arbalist":2,"minecraft:skeleton":5,"ecologics:coconut_crab":2,"ars_nouveau:summon_horse":2,"irons_spellbooks:archevoker":1,"iter_rpg:water_elemental":1,"minecraft:parrot":1,"humancompanions:axeguard":4,"minecraft:pig":8,"alexsmobs:grizzly_bear":1,"ars_nouveau:drygmy":1,"enemyexpansion:tarantula":1,"minecraft:ravager":1,"minecraft:hoglin":1,"minecraft:creeper":3,"bakery:wandering_baker":1,"ars_nouveau:dummy":2,"minecraft:pillager":17,"sons_of_sins:betrayed_guzzler":1,"minecraft:zombie":15,"enemyexpansion:botfly":1,"minecraft:stray":1,"undead_unleashed:haunter":3},"minecraft:killed_by":{"minecraft:pillager":10,"minecraft:vindicator":3,"minecraft:hoglin":2,"minecraft:skeleton":5,"minecraft:zombie":1},"minecraft:dropped":{"minecraft:iron_ingot":1,"minecraft:iron_sword":1,"minecraft:porkchop":11,"minecraft:oak_log":1,"minecraft:glass_bottle":2,"minecolonies:supplycampdeployer":3,"majruszsaccessories:adventurer_kit":1,"ecologics:coconut_slice":1,"minecraft:prismarine_shard":4,"minecraft:crossbow":2,"minecraft:prismarine_crystals":1,"minecraft:cobblestone":16,"majruszsdifficulty:tattered_helmet":1,"minecraft:leather":4,"ecologics:crab_claw":1,"minecraft:leather_helmet":6,"minecraft:stick":4,"minecraft:dirt":168,"origins:orb_of_origin":1,"minecraft:dark_oak_log":5,"immersive_armors:wooden_leggings":1,"byg:soapstone":1,"minecraft:iron_leggings":3,"minecraft:wooden_sword":1,"minecraft:potion":4,"minecraft:iron_axe":1,"minecraft:iron_pickaxe":1,"immersive_armors:wooden_chestplate":1,"minecraft:chainmail_leggings":3,"minecraft:string":1,"ars_nouveau:caster_tome":1,"minecraft:bone":12,"byg:palm_planks":32,"minecraft:note_block":1,"minecraft:stone_axe":1,"minecraft:goat_horn":1,"minecraft:stone_sword":1,"minecraft:bowl":2,"majruszsaccessories:tool_scraps":1,"minecraft:wheat":5,"immersive_armors:wooden_boots":1,"minecraft:raw_iron":10,"minecraft:purple_banner":2,"enigmaticlegacy:tattered_tome":1,"minecraft:carrot":3,"enigmaticlegacy:cursed_ring":3,"minecraft:leather_chestplate":7,"supplementaries:ash":3,"supplementaries:flax_seeds":2,"simplyswords:iron_scythe":1,"aether:iron_gloves":1,"ringsofascension:ring_night_vision":1,"aquaculture:bluegill":1,"ecologics:coconut_husk":11,"minecraft:leather_boots":6,"minecraft:wooden_shovel":1,"apotheosis:gem":4,"minecraft:oak_sapling":6,"minecraft:wooden_pickaxe":3,"knightquest:small_essence":2,"minecraft:slime_ball":3,"minecraft:arrow":8,"minecraft:stone_pickaxe":1,"ecologics:seashell":3,"enigmaticlegacy:enigmatic_amulet":2,"minecraft:written_book":1,"immersive_armors:wooden_helmet":1,"minecraft:enchanting_table":1},"minecraft:broken":{"minecraft:stone_axe":1},"minecraft:crafted":{"minecraft:oak_planks":160,"minecraft:furnace":1,"minecraft:glass":56,"minecraft:wooden_shovel":1,"byg:palm_crafting_table":1,"minecraft:cooked_porkchop":3,"minecraft:crafting_table":1,"minecraft:enchanting_table":1,"minecraft:wooden_pickaxe":2,"sophisticatedbackpacks:gold_backpack":1,"minecraft:air":0,"byg:palm_planks":368,"cisco_mod:adventurer_chestplate":1,"minecraft:stick":12,"minecraft:iron_ingot":15,"bakery:braided_bread":1},"minecraft:mined":{"minecraft:spruce_fence":1,"minecraft:grass_block":110,"minecraft:yellow_carpet":11,"minecraft:jungle_planks":64,"minecraft:spawner":6,"minecraft:fire":6,"minecraft:andesite":5,"minecraft:bookshelf":2,"minecraft:iron_bars":2,"minecraft:oak_stairs":1,"ars_nouveau:rune":1,"irons_spellbooks:inscription_table":1,"minecraft:stone":20,"byg:palm_planks":6,"minecraft:red_bed":2,"minecraft:crafting_table":1,"minecraft:note_block":1,"minecraft:chest":1,"minecraft:sculk_sensor":1,"minecraft:tall_grass":17,"minecraft:oak_planks":9,"supplementaries:urn":1,"minecraft:seagrass":1,"minecraft:stone_stairs":1,"byg:soapstone":8,"byg:palm_log":177,"ecologics:seashell":1,"forbidden_arcanus:cherry_planks":2,"minecraft:tnt":2,"minecraft:stone_brick_stairs":1,"minecraft:grass":42,"minecraft:coal_ore":28,"minecraft:oak_log":40,"minecraft:sand":128,"minecraft:yellow_concrete":1,"minecraft:dirt":80,"minecraft:oak_leaves":67},"minecraft:custom":{"enigmaticlegacy:play_time_with_seven_curses":0,"lootr:looted_stat":100,"minecraft:mob_kills":112,"minecraft:interact_with_crafting_table":14,"minecraft:open_barrel":3,"minecraft:damage_dealt_resisted":382,"minecraft:leave_game":2,"minecraft:time_since_death":14054,"minecraft:climb_one_cm":9008,"minecraft:damage_resisted":0,"minecraft:sprint_one_cm":387449,"minecraft:walk_one_cm":435043,"minecraft:drop":128,"minecraft:play_noteblock":1,"minecraft:talked_to_villager":5,"minecraft:target_hit":1,"minecraft:play_time":166148,"minecraft:deaths":22,"minecraft:sneak_time":5506,"minecraft:walk_under_water_one_cm":6897,"minecraft:boat_one_cm":20391,"minecraft:interact_with_lectern":1,"minecraft:jump":2198,"minecraft:walk_on_water_one_cm":15319,"minecraft:total_world_time":166148,"minecraft:interact_with_furnace":13,"enigmaticlegacy:play_time_without_seven_curses":165256,"minecraft:traded_with_villager":1,"minecraft:sleep_in_bed":8,"minecraft:time_since_rest":14083,"minecraft:waystone_activated":1,"minecraft:damage_taken":11206,"minecraft:damage_absorbed":519,"minecraft:damage_dealt":5173,"minecraft:swim_one_cm":18858,"minecraft:fly_one_cm":490532,"minecraft:player_kills":3,"minecraft:open_chest":154,"minecraft:crouch_one_cm":20462,"minecraft:interact_with_smoker":1,"minecraft:fall_one_cm":65318,"minecraft:horse_one_cm":3250},"minecraft:used":{"cisco_mod:adventurer_leggings":1,"farmersdelight:diamond_knife":28,"cisco_mod:adventurer_chestplate":1,"minecraft:chest":1,"minecraft:iron_sword":25,"minecraft:wooden_shovel":29,"byg:palm_crafting_table":1,"minecraft:dirt":81,"byg:palm_log":141,"minecraft:carrot":4,"ars_nouveau:amethyst_golem_charm":1,"minecraft:obsidian":10,"byg:palm_boat":2,"minecraft:glass":16,"minecraft:bookshelf":5,"minecraft:iron_axe":166,"immersive_armors:wooden_chestplate":1,"minecraft:golden_sword":51,"minecraft:bow":4,"minecraft:furnace":1,"minecraft:iron_leggings":2,"immersive_armors:wooden_helmet":1,"minecraft:stone_pickaxe":19,"minecraft:oak_planks":6,"minecraft:wooden_pickaxe":58,"minecraft:crafting_table":1,"minecraft:red_bed":1,"bakery:braided_bread":14,"relics:horse_flute":2,"farmersdelight:ratatouille":9,"cisco_mod:adventurer_helmet":1,"easy_villagers:villager":1,"minecraft:apple":1,"minecraft:bread":6,"minecraft:stone_axe":197,"ecologics:coconut_slice":4,"immersive_armors:wooden_boots":1,"minecraft:wooden_sword":14,"sons_of_sins:flesh_of_demise":1,"minecraft:potion":1,"cisco_mod:adventurer_boots":1,"minecraft:porkchop":2,"minecraft:cooked_porkchop":3,"minecraft:andesite":1,"byg:palm_planks":187,"delightful:acorn":1,"minecraft:experience_bottle":7,"irons_spellbooks:inscription_table":1},"minecraft:picked_up":{"minecolonies:supplycampdeployer":2,"nethersdelight:hoglin_loin":1,"ars_nouveau:caster_tome":1,"byg:soapstone":9,"minecraft:prismarine_shard":4,"ecologics:seashell":3,"minecraft:wooden_pickaxe":1,"farmersdelight:diamond_knife":1,"minecraft:dark_oak_trapdoor":1,"minecraft:red_bed":2,"apotheosis:epic_material":2,"forbidden_arcanus:cherry_planks":2,"minecraft:iron_axe":2,"minecraft:wooden_sword":1,"minecraft:iron_leggings":5,"minecraft:purple_banner":2,"aquaculture:bluegill":1,"delightful:acorn":1,"minecraft:written_book":1,"minecraft:iron_pickaxe":1,"minecraft:chest":1,"farmersdelight:ratatouille":7,"irons_spellbooks:inscription_table":1,"minecraft:spruce_trapdoor":1,"ecologics:crab_claw":1,"minecraft:tipped_arrow":1,"minecraft:raw_iron":5,"apotheosis:gem":5,"apotheosis:rare_material":10,"ecologics:coconut_slice":5,"minecraft:torch":9,"sophisticatedbackpacks:backpack":1,"minecraft:note_block":2,"minecraft:spruce_fence":1,"minecraft:porkchop":16,"minecraft:prismarine_crystals":1,"majruszsaccessories:dream_catcher":2,"minecraft:tnt":2,"easy_villagers:villager":1,"minecraft:stone_sword":1,"minecraft:arrow":29,"minecraft:rotten_flesh":16,"simplyswords:iron_scythe":1,"byg:palm_log":206,"supplementaries:ash":3,"forbidden_arcanus:spawner_scrap":8,"minecraft:cobblestone":19,"majruszsaccessories:tool_scraps":2,"minecraft:leather_chestplate":9,"minecraft:feather":3,"enemyexpansion:horsehead_helmet":1,"minecraft:tripwire_hook":2,"minecraft:andesite":1,"minecraft:leather":1,"minecraft:potato":1,"alexsmobs:bear_fur":1,"minecraft:oak_log":40,"minecraft:wither_skeleton_skull":2,"minecraft:dirt":249,"minecraft:lantern":1,"minecraft:leather_boots":6,"irons_spellbooks:hogskin":2,"minecraft:bone":14,"minecraft:apple":1,"minecraft:bow":2,"minecraft:wheat_seeds":19,"minecraft:iron_ingot":1,"minecraft:stone_pickaxe":1,"iter_rpg:water_fragment":3,"minecraft:glass_bottle":1,"twigs:twig":5,"apotheosis:gem_dust":2,"minecraft:oak_planks":11,"minecraft:iron_sword":1,"minecraft:book":3,"irons_spellbooks:frozen_bone":1,"royalvariations:royal_bone":1,"enigmaticlegacy:enigmatic_amulet":2,"minecraft:sand":128,"ecologics:coconut_husk":7,"minecraft:leather_helmet":7,"byg:palm_planks":13,"sons_of_sins:flesh_of_demise":1,"enigmaticlegacy:cursed_ring":2,"minecraft:stone_axe":2,"minecraft:chainmail_leggings":3,"minecraft:crossbow":2,"knightquest:small_essence":3,"byg:palm_boat":4,"minecraft:bread":22,"minecraft:emerald":62,"minecraft:oak_sapling":6,"cisco_mod:brightsteel_ingot":1,"minecraft:coal":28,"iter_rpg:spawner_fragment":3}},"DataVersion":3120}