{"stats":{"minecraft:used":{"minecraft:golden_sword":11,"minecraft:golden_carrot":4},"minecraft:killed":{"minecraft:skeleton":1,"minecraft:pig":1,"ecologics:squirrel":1},"minecraft:killed_by":{"minecraft:player":1},"minecraft:custom":{"minecraft:time_since_rest":8358,"enigmaticlegacy:play_time_with_seven_curses":5747,"lootr:looted_stat":16,"minecraft:sprint_one_cm":51603,"minecraft:damage_taken":607,"minecraft:damage_absorbed":521,"minecraft:walk_one_cm":44707,"minecraft:mob_kills":3,"minecraft:drop":14,"minecraft:damage_dealt":1029,"enigmaticlegacy:play_time_without_seven_curses":16541,"minecraft:fly_one_cm":43267,"minecraft:crouch_one_cm":64,"minecraft:play_time":22321,"minecraft:deaths":1,"minecraft:sneak_time":115,"minecraft:jump":191,"minecraft:time_since_death":15114,"minecraft:walk_on_water_one_cm":828,"minecraft:sleep_in_bed":3,"minecraft:total_world_time":22321,"minecraft:climb_one_cm":116,"minecraft:fall_one_cm":7242},"minecraft:dropped":{"minecraft:potato":76,"minecraft:bread":19,"enigmaticlegacy:enigmatic_eye":1,"minecraft:red_bed":1,"minecraft:golden_leggings":1,"delightful:acorn":2,"farmersdelight:onion":25,"minecraft:sunflower":1,"minecraft:apple":24,"minecraft:chainmail_leggings":1,"alexsmobs:emu_leggings":1,"minecraft:light_weighted_pressure_plate":1},"minecraft:picked_up":{"apotheosis:gem":1,"minecraft:leather_chestplate":1,"minecraft:golden_carrot":9,"ars_nouveau:purple_archwood_sapling":10,"ars_nouveau:bastion_pod":3,"minecraft:porkchop":4,"undead_unleashed:grave_metal_scrap":2,"enigmaticlegacy:enigmatic_eye":1,"minecraft:spider_eye":2,"minecraft:red_bed":1,"minecraft:arrow":1,"minecraft:rotten_flesh":2,"minecraft:apple":10,"farmersdelight:onion":2,"aether:chainmail_gloves":1,"twigs:pebble":1,"delightful:acorn":2,"undead_unleashed:grave_metal_sword":1,"twigs:twig":8,"minecraft:book":18,"vinery:red_grape":10,"ars_nouveau:purple_archwood_log":35,"minecraft:sunflower":1},"minecraft:mined":{"minecraft:red_bed":2,"minecraft:grass":1,"minecraft:bookshelf":3,"minecraft:sunflower":1,"vinery:apple_leaves":6,"ars_nouveau:purple_archwood_log":35,"vinery:apple_log":7}},"DataVersion":3120}