{"stats":{"minecraft:killed":{"minecraft:pig":2,"aquamirae:maw":1,"minecraft:spider":1,"minecraft:iron_golem":1,"iter_rpg:spiderling":2,"minecraft:skeleton":1,"minecraft:zombie":2,"ecologics:squirrel":1,"iter_rpg:giant_spider":1,"whisperwoods:moth":1,"minecraft:enderman":1},"minecraft:used":{"minecraft:trident":22,"minecraft:water_bucket":2,"minecraft:oak_planks":11,"minecraft:iron_chestplate":1,"minecraft:dirt":48,"ars_nouveau:archwood_planks":5,"relics:horse_flute":43,"minecraft:iron_pickaxe":73,"ars_nouveau:purple_archwood_log":3,"minecraft:golden_sword":22,"minecraft:golden_carrot":4,"minecraft:bucket":2},"minecraft:broken":{"minecraft:golden_sword":1},"minecraft:crafted":{"minecraft:oak_planks":16},"minecraft:killed_by":{"minecraft:player":3,"minecraft:enderman":1},"minecraft:custom":{"minecraft:interact_with_furnace":1,"enigmaticlegacy:play_time_with_seven_curses":29661,"lootr:looted_stat":24,"minecraft:mob_kills":11,"enigmaticlegacy:play_time_without_seven_curses":16541,"minecraft:open_barrel":1,"minecraft:damage_dealt_resisted":0,"minecraft:time_since_death":12864,"minecraft:sleep_in_bed":3,"minecraft:climb_one_cm":1361,"minecraft:time_since_rest":12893,"minecraft:waystone_activated":1,"minecraft:walk_one_cm":148800,"minecraft:damage_absorbed":2092,"minecraft:sprint_one_cm":163527,"minecraft:damage_taken":3120,"minecraft:drop":62,"minecraft:damage_dealt":4878,"minecraft:damage_dealt_absorbed":248,"minecraft:talked_to_villager":4,"minecraft:fly_one_cm":114469,"minecraft:crouch_one_cm":5430,"minecraft:play_time":46321,"minecraft:deaths":4,"minecraft:sneak_time":1511,"minecraft:boat_one_cm":23846,"minecraft:jump":611,"minecraft:walk_on_water_one_cm":3445,"minecraft:total_world_time":46321,"minecraft:fall_one_cm":19855,"minecraft:horse_one_cm":1575},"minecraft:dropped":{"farmersdelight:iron_knife":1,"minecraft:bread":19,"minecraft:moss_carpet":1,"minecraft:wheat_seeds":18,"minecraft:lapis_lazuli":5,"minecraft:oak_log":2,"minecraft:ender_pearl":1,"majruszsaccessories:adventurer_kit":1,"ars_nouveau:archwood_planks":63,"minecraft:wheat":5,"bakery:strawberry":1,"minecraft:apple":48,"iter_rpg:spawner_fragment":1,"ars_nouveau:purple_archwood_log":18,"minecraft:grass_block":1,"minecraft:emerald":5,"minecraft:leather_chestplate":1,"minecraft:dirt":46,"minecraft:light_weighted_pressure_plate":1,"minecraft:poppy":4,"enigmaticlegacy:enigmatic_eye":1,"minecraft:red_bed":1,"minecraft:potato":112,"aether:chainmail_gloves":1,"minecraft:golden_carrot":5,"aether:iron_gloves":1,"minecraft:iron_chestplate":1,"minecraft:golden_leggings":1,"minecraft:oak_sapling":44,"minecraft:gold_nugget":38,"minecraft:fire_charge":6,"delightful:acorn":2,"farmersdelight:onion":25,"minecraft:spider_eye":7,"minecraft:slime_ball":3,"minecraft:sunflower":1,"vinery:red_grape":10,"minecraft:arrow":2,"minecraft:chainmail_leggings":1,"alexsmobs:emu_leggings":1,"minecraft:string":29,"twigs:opaline_seashell":2,"minecraft:gold_ingot":2,"minecraft:dandelion":4,"minecraft:redstone":1},"minecraft:picked_up":{"iter_rpg:spawner_fragment":3,"minecraft:iron_chestplate":2,"vinery:red_grape":20,"minecraft:leather_chestplate":2,"minecraft:golden_carrot":14,"ars_nouveau:source_berry":3,"minecraft:potato":36,"minecraft:oak_log":6,"enigmaticlegacy:enigmatic_eye":1,"ars_nouveau:archwood_planks":59,"minecraft:lapis_lazuli":5,"apotheosis:epic_material":1,"minecraft:dirt":466,"minecraft:string":29,"minecraft:red_bed":1,"minecraft:moss_carpet":1,"minecraft:bone":7,"twigs:opaline_seashell":2,"farmersdelight:iron_knife":2,"minecraft:apple":34,"irons_spellbooks:arcane_essence":1,"minecraft:wheat_seeds":29,"minecraft:gold_nugget":4,"minecraft:beef":1,"delightful:acorn":2,"twigs:pebble":1,"undead_unleashed:grave_metal_sword":1,"minecraft:iron_ingot":8,"minecraft:iron_pickaxe":1,"minecraft:iron_nugget":58,"minecraft:poppy":3,"twigs:twig":8,"apotheosis:gem_dust":1,"bakery:strawberry":1,"ars_nouveau:purple_archwood_log":38,"minecraft:book":18,"apotheosis:gem":8,"iter_rpg:spider_silk":2,"minecraft:fire_charge":6,"ars_nouveau:purple_archwood_sapling":20,"minecraft:porkchop":6,"ars_nouveau:bastion_pod":3,"undead_unleashed:grave_metal_scrap":6,"minecraft:grass_block":1,"minecraft:redstone":1,"minecraft:spider_eye":7,"forbidden_arcanus:ender_pearl_fragment":3,"minecraft:arrow":3,"minecraft:rotten_flesh":17,"minecraft:slime_ball":3,"relics:horse_flute":1,"farmersdelight:onion":2,"aether:chainmail_gloves":1,"knightquest:small_essence":3,"minecraft:emerald":10,"minecraft:gold_ingot":2,"minecraft:bread":1,"minecraft:oak_sapling":22,"forbidden_arcanus:spawner_scrap":2,"minecraft:ender_pearl":1,"minecraft:sunflower":1},"minecraft:mined":{"minecraft:red_bed":2,"undead_unleashed:ancient_dirt":64,"undead_unleashed:grave_soil":3,"minecraft:grass_block":192,"minecraft:tall_grass":12,"minecraft:cobblestone":1,"ars_nouveau:sourceberry_bush":2,"minecraft:spawner":1,"vinery:apple_log":7,"minecraft:iron_ore":2,"minecraft:vine":2,"minecraft:grass":118,"minecraft:bookshelf":3,"minecraft:sunflower":1,"minecraft:dirt":398,"minecraft:stone_bricks":65,"vinery:apple_leaves":6,"minecraft:stone":1,"minecraft:mossy_stone_bricks":1,"twigs:opaline_seashell":1,"ars_nouveau:purple_archwood_log":38}},"DataVersion":3120}