{"stats":{"minecraft:custom":{"minecraft:interact_with_furnace":10,"minecraft:mob_kills":15,"minecraft:inspect_hopper":2,"minecraft:interact_with_crafting_table":18,"minecraft:bell_ring":148,"minecraft:leave_game":3,"minecraft:time_since_death":12865,"minecraft:sleep_in_bed":2,"minecraft:time_since_rest":12895,"minecraft:sprint_one_cm":115005,"minecraft:damage_taken":942,"minecraft:walk_one_cm":172904,"minecraft:drop":12,"minecraft:damage_dealt":10136,"minecraft:swim_one_cm":7754,"minecraft:talked_to_villager":7,"minecraft:fly_one_cm":174677,"minecraft:open_chest":58,"minecraft:crouch_one_cm":44339,"minecraft:play_time":76408,"minecraft:deaths":2,"minecraft:sneak_time":11462,"minecraft:walk_under_water_one_cm":4035,"minecraft:jump":1182,"minecraft:walk_on_water_one_cm":13896,"minecraft:total_world_time":76408,"minecraft:fall_one_cm":21596},"minecraft:dropped":{"minecraft:lever":1,"minecraft:oak_trapdoor":2,"minecraft:stick":1,"minecraft:acacia_sapling":1,"minecraft:oak_sapling":3,"minecraft:oak_stairs":1,"minecraft:stone_pickaxe":1,"minecraft:wooden_pickaxe":1,"minecraft:string":4,"minecraft:tripwire_hook":2},"minecraft:mined":{"minecraft:white_bed":1,"minecraft:oak_sapling":2,"minecraft:glass_pane":11,"minecraft:mossy_cobblestone":13,"minecraft:oak_door":1,"minecraft:cobblestone_stairs":2,"minecraft:oak_fence":3,"minecraft:crafting_table":3,"minecraft:lever":2,"minecraft:short_grass":19,"minecraft:acacia_log":5,"minecraft:grass_block":9,"minecraft:chest":3,"minecraft:tall_grass":1,"minecraft:cobblestone":137,"minecraft:spruce_leaves":23,"minecraft:oak_planks":39,"minecraft:diorite":1,"minecraft:wall_torch":1,"minecraft:oak_trapdoor":8,"minecraft:iron_ore":5,"minecraft:stripped_oak_wood":1,"minecraft:bell":1,"minecraft:coal_ore":13,"minecraft:dirt_path":2,"minecraft:oak_stairs":54,"minecraft:dirt":72,"minecraft:tripwire_hook":1,"minecraft:acacia_planks":3,"minecraft:stone":34,"minecraft:tripwire":14},"minecraft:broken":{"minecraft:stone_pickaxe":2,"minecraft:stone_axe":1},"minecraft:crafted":{"minecraft:oak_planks":280,"minecraft:stone_shovel":1,"minecraft:tripwire_hook":2,"minecraft:cooked_porkchop":15,"minecraft:crafting_table":1,"minecraft:spruce_planks":28,"minecraft:wooden_pickaxe":1,"minecraft:bone_meal":6,"minecraft:stone_axe":5,"minecraft:cooked_mutton":8,"minecraft:air":0,"minecraft:hopper":6,"minecraft:stick":20,"minecraft:stone_pickaxe":4,"minecraft:chest":33,"minecraft:acacia_planks":20,"minecraft:torch":4},"minecraft:killed":{"minecraft:spider":1,"minecraft:iron_golem":9,"minecraft:squid":1,"minecraft:skeleton":1,"minecraft:sheep":2,"minecraft:zombie":1},"minecraft:used":{"minecraft:oak_trapdoor":6,"minecraft:water_bucket":12,"minecraft:diorite":1,"minecraft:stone_shovel":58,"minecraft:stone_pickaxe":244,"minecraft:oak_planks":5,"minecraft:chest":29,"minecraft:wooden_pickaxe":25,"minecraft:bell":1,"minecraft:torch":4,"minecraft:dirt":5,"minecraft:hopper":5,"minecraft:crafting_table":4,"minecraft:shears":5,"minecraft:lever":2,"minecraft:oak_stairs":5,"minecraft:string":17,"minecraft:spruce_sapling":1,"minecraft:stone_axe":186,"minecraft:light_gray_wool":1,"minecraft:tripwire_hook":2,"minecraft:cobblestone":69,"minecraft:cooked_porkchop":7,"minecraft:bucket":12,"minecraft:acacia_planks":3,"minecraft:bone_meal":6},"minecraft:killed_by":{"minecraft:zombie":1,"minecraft:iron_golem":1},"minecraft:picked_up":{"minecraft:crafting_table":4,"minecraft:water_bucket":1,"minecraft:tripwire_hook":2,"minecraft:oak_stairs":90,"minecraft:oak_log":56,"minecraft:cobblestone_stairs":4,"minecraft:oak_trapdoor":8,"minecraft:dirt":97,"minecraft:string":1761,"minecraft:cooked_mutton":8,"minecraft:bone":2,"minecraft:acacia_planks":16,"minecraft:wheat_seeds":9,"minecraft:bucket":1,"minecraft:bell":1,"minecraft:stone_pickaxe":2,"minecraft:iron_ingot":49,"minecraft:stripped_oak_wood":1,"minecraft:poppy":16,"minecraft:light_gray_wool":1,"minecraft:chest":4,"minecraft:oak_planks":33,"minecraft:acacia_sapling":1,"minecraft:stick":9,"minecraft:raw_iron":10,"minecraft:cooked_porkchop":10,"minecraft:oak_door":5,"minecraft:oak_fence":3,"minecraft:torch":22,"minecraft:acacia_log":5,"minecraft:sand":1,"minecraft:spruce_sapling":2,"minecraft:spruce_log":345,"minecraft:ink_sac":10,"minecraft:diorite":1,"minecraft:white_bed":1,"minecraft:spider_eye":5,"minecraft:mossy_cobblestone":20,"minecraft:arrow":2,"minecraft:rotten_flesh":3,"minecraft:stone_axe":2,"minecraft:lever":5,"minecraft:shears":2,"minecraft:oak_sapling":14,"minecraft:mutton":8,"minecraft:coal":69,"minecraft:white_wool":3,"minecraft:cobblestone":243}},"DataVersion":3955}