{"stats":{"minecraft:used":{"minecraft:dirt":25,"ars_nouveau:archwood_planks":5,"relics:horse_flute":27,"minecraft:iron_pickaxe":2,"ars_nouveau:purple_archwood_log":3,"minecraft:golden_sword":22,"minecraft:golden_carrot":4},"minecraft:killed":{"minecraft:pig":2,"aquamirae:maw":1,"minecraft:spider":1,"minecraft:iron_golem":1,"minecraft:skeleton":1,"minecraft:zombie":1,"ecologics:squirrel":1},"minecraft:broken":{"minecraft:golden_sword":1},"minecraft:killed_by":{"minecraft:player":3,"minecraft:enderman":1},"minecraft:custom":{"enigmaticlegacy:play_time_with_seven_curses":17661,"lootr:looted_stat":18,"minecraft:mob_kills":5,"enigmaticlegacy:play_time_without_seven_curses":16541,"minecraft:damage_dealt_resisted":0,"minecraft:time_since_death":864,"minecraft:sleep_in_bed":3,"minecraft:climb_one_cm":666,"minecraft:time_since_rest":893,"minecraft:waystone_activated":1,"minecraft:walk_one_cm":78068,"minecraft:damage_absorbed":1747,"minecraft:sprint_one_cm":159134,"minecraft:damage_taken":3029,"minecraft:drop":29,"minecraft:damage_dealt":3182,"minecraft:damage_dealt_absorbed":248,"minecraft:talked_to_villager":3,"minecraft:fly_one_cm":108457,"minecraft:crouch_one_cm":3420,"minecraft:play_time":34321,"minecraft:deaths":4,"minecraft:sneak_time":958,"minecraft:jump":467,"minecraft:walk_on_water_one_cm":1351,"minecraft:total_world_time":34321,"minecraft:fall_one_cm":18505},"minecraft:dropped":{"minecraft:bread":19,"majruszsaccessories:adventurer_kit":1,"ars_nouveau:archwood_planks":4,"bakery:strawberry":1,"minecraft:apple":24,"ars_nouveau:purple_archwood_log":18,"minecraft:dirt":5,"minecraft:light_weighted_pressure_plate":1,"minecraft:poppy":4,"enigmaticlegacy:enigmatic_eye":1,"minecraft:red_bed":1,"minecraft:potato":76,"minecraft:golden_leggings":1,"minecraft:oak_sapling":44,"delightful:acorn":2,"farmersdelight:onion":25,"minecraft:sunflower":1,"minecraft:chainmail_leggings":1,"alexsmobs:emu_leggings":1,"minecraft:string":16,"minecraft:dandelion":4},"minecraft:picked_up":{"iter_rpg:spawner_fragment":1,"vinery:red_grape":10,"minecraft:leather_chestplate":1,"minecraft:golden_carrot":9,"enigmaticlegacy:enigmatic_eye":1,"minecraft:dirt":402,"minecraft:string":16,"minecraft:red_bed":1,"minecraft:apple":10,"minecraft:wheat_seeds":11,"minecraft:beef":1,"delightful:acorn":2,"twigs:pebble":1,"undead_unleashed:grave_metal_sword":1,"minecraft:iron_ingot":8,"minecraft:poppy":3,"twigs:twig":8,"bakery:strawberry":1,"ars_nouveau:purple_archwood_log":38,"minecraft:book":18,"apotheosis:gem":1,"ars_nouveau:purple_archwood_sapling":10,"minecraft:porkchop":6,"ars_nouveau:bastion_pod":3,"undead_unleashed:grave_metal_scrap":2,"minecraft:spider_eye":3,"minecraft:arrow":1,"minecraft:rotten_flesh":2,"farmersdelight:onion":2,"aether:chainmail_gloves":1,"minecraft:oak_sapling":22,"forbidden_arcanus:spawner_scrap":1,"minecraft:sunflower":1},"minecraft:mined":{"minecraft:red_bed":2,"minecraft:grass_block":128,"minecraft:cobblestone":1,"ars_nouveau:sourceberry_bush":2,"vinery:apple_log":7,"minecraft:grass":78,"minecraft:bookshelf":3,"minecraft:sunflower":1,"minecraft:dirt":269,"vinery:apple_leaves":6,"minecraft:stone":1,"ars_nouveau:purple_archwood_log":38}},"DataVersion":3120}