{"stats":{"minecraft:crafted":{"minecraft:oak_planks":416,"minecraft:warped_planks":12,"minecraft:glass":56,"minecraft:iron_boots":1,"cisco_mod:adventurer_boots":1,"cisco_mod:adventurer_helmet":1,"minecraft:wooden_shovel":1,"byg:palm_crafting_table":1,"minecraft:cooked_porkchop":3,"minecraft:crafting_table":1,"minecraft:wooden_pickaxe":2,"minecraft:iron_helmet":1,"byg:palm_planks":368,"cisco_mod:adventurer_chestplate":2,"minecraft:iron_chestplate":1,"minecraft:stick":44,"minecraft:iron_pickaxe":1,"minecraft:iron_ingot":41,"bakery:braided_bread":1,"minecraft:furnace":1,"minecraft:iron_axe":1,"cisco_mod:adventurer_leggings":1,"minecraft:enchanting_table":1,"sophisticatedbackpacks:gold_backpack":1,"minecraft:air":0,"minecraft:iron_leggings":1,"minecraft:torch":180},"minecraft:dropped":{"minecraft:iron_sword":3,"minecraft:porkchop":12,"minecraft:oak_log":1,"minecraft:glass_bottle":7,"minecolonies:supplycampdeployer":3,"ecologics:coconut_slice":1,"minecraft:crossbow":2,"minecraft:lantern":2,"majruszsdifficulty:tattered_helmet":1,"minecraft:leather":6,"undead_unleashed:grave_metal_scrap":8,"minecraft:leather_helmet":7,"minecraft:dirt":285,"twigs:pebble":12,"minecraft:dark_oak_log":5,"aquaculture:gar":1,"irons_spellbooks:hogskin":2,"immersive_armors:wooden_leggings":1,"minecraft:mutton":3,"minecraft:gold_nugget":2,"minecraft:wooden_sword":1,"minecraft:sugar":2,"minecraft:iron_pickaxe":1,"immersive_armors:wooden_chestplate":1,"irons_spellbooks:emerald_stoneplate_ring":1,"farmersdelight:mutton_chops":1,"minecraft:bone":13,"byg:palm_planks":32,"minecraft:gravel":125,"minecraft:note_block":1,"minecraft:stone_axe":1,"minecraft:goat_horn":1,"minecraft:sugar_cane":6,"minecraft:cobbled_deepslate":72,"enigmaticlegacy:blazing_core":1,"aquaculture:perch":1,"minecraft:wheat":5,"immersive_armors:wooden_boots":1,"minecraft:purple_banner":2,"minecraft:rotten_flesh":6,"aquaculture:arapaima":1,"enigmaticlegacy:tattered_tome":2,"ringsofascension:ring_magnetism":1,"minecraft:diamond_shovel":1,"iter_rpg:spawner_fragment":2,"minecraft:nether_brick_fence":1,"minecraft:carrot":3,"minecraft:leather_chestplate":9,"supplementaries:flax_seeds":2,"supplementaries:ash":29,"quark:white_corundum_cluster":6,"minecraft:skeleton_skull":1,"ringsofascension:ring_night_vision":1,"aquaculture:bluegill":1,"apotheosis:gem":13,"ecologics:coconut_husk":11,"minecraft:leather_boots":8,"farmersdelight:bacon_and_eggs":3,"minecraft:leather_leggings":1,"minecraft:arrow":10,"minecraft:beef":1,"enigmaticlegacy:enigmatic_amulet":2,"minecraft:written_book":1,"minecraft:enchanting_table":1,"minecraft:enchanted_book":1,"minecraft:iron_ingot":2,"minecraft:wheat_seeds":2,"majruszsaccessories:adventurer_kit":1,"enigmaticlegacy:void_stone":1,"minecraft:prismarine_shard":4,"minecraft:prismarine_crystals":1,"minecraft:cobblestone":36,"quark:white_corundum":3,"minecraft:granite":35,"ecologics:crab_claw":1,"minecraft:nether_brick_wall":1,"aquaculture:red_grouper":1,"quark:yellow_corundum":3,"minecraft:tropical_fish":1,"minecraft:coal":13,"minecraft:golden_apple":1,"minecraft:stick":4,"relics:bastion_ring":1,"irons_spellbooks:scroll":1,"origins:orb_of_origin":1,"minecraft:torch":91,"ringsofascension:ring_strength":1,"byg:soapstone":1,"minecraft:nether_wart_block":3,"forbidden_arcanus:spawner_scrap":39,"minecraft:potion":6,"minecraft:iron_leggings":4,"minecraft:iron_axe":1,"minecraft:chainmail_leggings":3,"minecraft:string":21,"ars_nouveau:wilden_wing":1,"ars_nouveau:caster_tome":1,"minecraft:redstone":4,"twigs:rhyolite":7,"minecraft:stone_sword":1,"minecraft:bowl":16,"majruszsaccessories:tool_scraps":1,"minecraft:raw_iron":10,"quark:yellow_corundum_cluster":10,"minecraft:budding_amethyst":8,"minecraft:nether_bricks":4,"enigmaticlegacy:cursed_ring":3,"minecraft:shroomlight":1,"simplyswords:iron_scythe":1,"aether:iron_gloves":2,"aether:diamond_gloves":1,"blue_skies:cooked_municipal_monkfish":1,"aquamirae:spinefish":1,"minecraft:oak_sapling":6,"minecraft:wooden_shovel":1,"farmersdelight:minced_beef":1,"minecraft:brown_carpet":9,"knightquest:small_essence":3,"minecraft:slime_ball":3,"minecraft:stone_pickaxe":2,"minecraft:bow":1,"minecraft:wooden_pickaxe":3,"ecologics:seashell":3,"immersive_armors:wooden_helmet":1},"minecraft:used":{"irons_spellbooks:inscription_table":1,"cisco_mod:adventurer_chestplate":2,"minecraft:chest":1,"minecraft:iron_sword":38,"farmersdelight:mutton_chops":15,"byg:palm_crafting_table":1,"minecraft:rotten_flesh":2,"minecraft:nether_bricks":10,"minecraft:carrot":4,"minecraft:obsidian":10,"byg:palm_boat":2,"ars_nouveau:amethyst_golem_charm":1,"minecraft:glass":16,"immersive_armors:wooden_chestplate":1,"minecraft:golden_sword":51,"ars_nouveau:source_berry":1,"minecraft:bow":4,"simplyswords:iron_scythe":74,"minecraft:furnace":1,"immersive_armors:wooden_helmet":1,"alexsmobs:raw_catfish":2,"minecraft:diorite":1,"minecraft:stone_pickaxe":19,"minecraft:oak_planks":6,"minecraft:wooden_pickaxe":58,"minecraft:sugar_cane":7,"minecraft:golden_apple":1,"relics:horse_flute":2,"farmersdelight:ratatouille":16,"easy_villagers:villager":1,"minecraft:bread":6,"minecraft:gravel":1,"ecologics:coconut_slice":4,"simplyswords:shadowsting":453,"sons_of_sins:flesh_of_demise":1,"minecraft:nether_wart_block":2,"minecraft:wooden_sword":14,"minecraft:andesite":1,"aquaculture:tambaqui":1,"delightful:acorn":1,"minecraft:experience_bottle":12,"cisco_mod:adventurer_leggings":2,"farmersdelight:diamond_knife":28,"minecraft:spruce_planks":2,"minecraft:wooden_shovel":29,"minecraft:torch":10,"minecraft:dirt":94,"byg:palm_log":141,"minecraft:nether_brick_slab":3,"minecraft:granite":2,"minecraft:nether_brick_stairs":4,"minecraft:bookshelf":5,"minecraft:iron_axe":257,"minecraft:iron_leggings":2,"minecraft:red_nether_bricks":13,"minecraft:crafting_table":1,"minecraft:red_bed":1,"minecraft:warped_planks":12,"bakery:braided_bread":14,"farmersdelight:minced_beef":1,"farmersdelight:bacon_and_eggs":10,"cisco_mod:adventurer_helmet":2,"minecraft:diamond_pickaxe":173,"minecraft:apple":1,"minecraft:iron_pickaxe":242,"minecraft:cracked_nether_bricks":4,"minecraft:stone_axe":197,"alexsmobs:tendon_whip":1,"immersive_armors:wooden_boots":1,"minecraft:cobblestone":2,"minecraft:potion":6,"cisco_mod:adventurer_boots":2,"minecraft:porkchop":7,"minecraft:cooked_porkchop":3,"byg:palm_planks":207},"minecraft:mined":{"minecraft:spruce_planks":22,"minecraft:red_nether_bricks":74,"minecraft:granite":2,"minecraft:grass_block":110,"minecraft:yellow_carpet":11,"quark:white_corundum":3,"quark:yellow_corundum":4,"minecraft:spawner":24,"minecraft:weeping_vines_plant":2,"supplementaries:ash":2,"minecraft:red_nether_brick_stairs":1,"minecraft:iron_ore":29,"minecraft:fire":18,"minecraft:nether_brick_stairs":5,"minecraft:oak_stairs":1,"minecraft:iron_bars":2,"minecraft:red_bed":2,"minecraft:note_block":1,"quark:white_corundum_cluster":3,"minecraft:chest":1,"minecraft:nether_brick_slab":4,"minecraft:sugar_cane":7,"minecraft:oak_planks":9,"minecraft:iron_door":1,"minecraft:wall_torch":1,"minecraft:seagrass":1,"minecraft:stone_stairs":1,"byg:soapstone":8,"byg:palm_log":177,"ecologics:seashell":1,"minecraft:nether_wart_block":4,"forbidden_arcanus:cherry_planks":2,"minecraft:tnt":2,"minecraft:stone_brick_stairs":1,"minecraft:grass":45,"minecraft:oak_log":104,"minecraft:sand":128,"minecraft:dirt":210,"quark:yellow_corundum_cluster":3,"twigs:rhyolite":7,"minecraft:oak_leaves":68,"minecraft:deepslate":38,"minecraft:nether_brick_wall":1,"minecraft:nether_bricks":79,"minecraft:spruce_fence":1,"minecraft:jungle_planks":64,"minecraft:crimson_roots":3,"minecraft:cracked_nether_bricks":4,"minecraft:andesite":5,"minecraft:nether_brick_fence":2,"minecraft:bookshelf":2,"minecraft:shroomlight":4,"minecraft:deepslate_iron_ore":13,"minecraft:warped_stem":3,"ars_nouveau:rune":1,"irons_spellbooks:inscription_table":1,"minecraft:stone":30,"minecraft:podzol":21,"byg:palm_planks":6,"minecraft:crafting_table":1,"minecraft:sculk_sensor":1,"minecraft:copper_ore":64,"minecraft:tall_grass":17,"minecraft:deepslate_gold_ore":1,"minecraft:diorite":1,"supplementaries:urn":1,"forbidden_arcanus:xpetrified_ore":2,"minecraft:coal_ore":50,"minecraft:gravel":64,"minecraft:yellow_concrete":1,"minecraft:gold_ore":5},"minecraft:killed":{"minecraft:zombified_piglin":8,"minecraft:spider":7,"enemyexpansion:equestrian":3,"royalvariations:royal_skeleton":1,"humancompanions:arbalist":2,"minecraft:skeleton":25,"ecologics:coconut_crab":2,"ars_nouveau:summon_horse":2,"irons_spellbooks:archevoker":1,"irons_spellbooks:summoned_skeleton":1,"minecraft:magma_cube":5,"minecraft:parrot":2,"minecraft:piglin":1,"minecraft:pig":12,"alexsmobs:grizzly_bear":1,"enemyexpansion:tarantula":2,"minecraft:creeper":10,"bakery:wandering_baker":1,"alexsmobs:crimson_mosquito":1,"undead_unleashed:frenzied_knight":1,"alexsmobs:warped_toad":1,"ars_nouveau:dummy":5,"minecraft:pillager":20,"enemyexpansion:meature":1,"minecraft:zombie":38,"undead_unleashed:shadewraith":1,"alexsmobs:terrapin":1,"minecraft:mooshroom":1,"minecraft:stray":1,"enemyexpansion:botfly":8,"undead_unleashed:haunter":7,"minecraft:blaze":8,"irons_spellbooks:summoned_zombie":1,"aquaculture:bluegill":1,"majruszsdifficulty:illusioner":1,"minecraft:vindicator":15,"enemyexpansion:direwolf":5,"enemyexpansion:faller":1,"enemyexpansion:silverqueen":1,"goblintraders:goblin_trader":2,"enemyexpansion:goblin":2,"iter_rpg:water_elemental":1,"minecraft:husk":1,"humancompanions:axeguard":4,"ars_nouveau:drygmy":1,"majruszsdifficulty:cursed_armor":2,"enemyexpansion:sprinter":3,"minecraft:ravager":1,"minecraft:hoglin":1,"enemyexpansion:crawler":1,"alexsmobs:catfish":1,"sons_of_sins:betrayed_guzzler":2,"enemyexpansion:huntsman":1,"iter_rpg:scallop":1,"minecraft:wither_skeleton":12},"minecraft:killed_by":{"minecraft:pillager":10,"minecraft:vindicator":3,"minecraft:zombie":1,"majruszsdifficulty:cursed_armor":2,"minecraft:hoglin":2,"minecraft:skeleton":10},"minecraft:custom":{"enigmaticlegacy:play_time_with_seven_curses":0,"lootr:looted_stat":196,"minecraft:interact_with_crafting_table":18,"minecraft:open_barrel":3,"goblintraders:trade_with_goblin":2,"minecraft:leave_game":3,"minecraft:time_since_death":12879,"minecraft:damage_resisted":622,"minecraft:sprint_one_cm":746369,"minecraft:drop":292,"minecraft:play_noteblock":1,"minecraft:talked_to_villager":5,"minecraft:play_time":338842,"minecraft:deaths":29,"minecraft:jump":4245,"minecraft:walk_on_water_one_cm":23787,"minecraft:interact_with_furnace":16,"minecraft:traded_with_villager":1,"minecraft:sleep_in_bed":8,"minecraft:waystone_activated":2,"minecraft:damage_dealt":55018,"minecraft:player_kills":6,"minecraft:crouch_one_cm":51968,"minecraft:interact_with_smoker":1,"minecraft:horse_one_cm":3250,"minecraft:interact_with_smithing_table":2,"minecraft:interact_with_anvil":1,"minecraft:mob_kills":256,"minecraft:damage_dealt_resisted":3762,"minecraft:climb_one_cm":12180,"minecraft:walk_one_cm":967585,"minecraft:damage_dealt_absorbed":444,"minecraft:target_hit":1,"minecraft:sneak_time":14151,"minecraft:walk_under_water_one_cm":10583,"minecraft:boat_one_cm":136218,"minecraft:interact_with_lectern":1,"minecraft:interact_with_blast_furnace":1,"minecraft:total_world_time":338842,"enigmaticlegacy:play_time_without_seven_curses":337583,"minecraft:time_since_rest":12908,"minecraft:damage_taken":15818,"minecraft:damage_absorbed":5217,"minecraft:swim_one_cm":33571,"minecraft:fly_one_cm":849707,"minecraft:open_chest":304,"minecraft:fall_one_cm":136748},"minecraft:picked_up":{"minecolonies:supplycampdeployer":2,"ars_nouveau:caster_tome":1,"minecraft:nether_brick_fence":3,"minecraft:prismarine_shard":4,"minecraft:enchanted_book":2,"forbidden_arcanus:xpetrified_orb":2,"minecraft:dark_oak_trapdoor":1,"minecraft:string":23,"apotheosis:epic_material":2,"minecraft:raw_copper":219,"minecraft:red_nether_bricks":72,"minecraft:iron_leggings":6,"minecraft:purple_banner":2,"minecraft:experience_bottle":4,"minecraft:shroomlight":4,"irons_spellbooks:arcane_essence":5,"alexsmobs:blood_sac":1,"minecraft:spruce_planks":6,"minecraft:gold_nugget":31,"minecraft:cobbled_deepslate":126,"twigs:pebble":60,"delightful:acorn":1,"undead_unleashed:grave_metal_sword":2,"minecraft:written_book":1,"minecraft:iron_pickaxe":1,"irons_spellbooks:inscription_table":1,"farmersdelight:ratatouille":7,"ecologics:crab_claw":1,"minecraft:tipped_arrow":1,"apotheosis:rare_material":10,"apotheosis:gem":18,"minecraft:torch":64,"quark:yellow_corundum_cluster":10,"minecraft:porkchop":21,"minecraft:diorite":1,"enigmaticlegacy:withered_tome":1,"majruszsaccessories:dream_catcher":2,"minecraft:brown_carpet":9,"easy_villagers:villager":1,"minecraft:stone_sword":5,"minecraft:rotten_flesh":38,"supplementaries:ash":48,"minecraft:blaze_rod":7,"minecraft:cobblestone":41,"majruszsaccessories:tool_scraps":2,"minecraft:leather_chestplate":13,"minecraft:feather":3,"minecraft:andesite":1,"minecraft:golden_leggings":1,"minecraft:potato":1,"alexsmobs:bear_fur":1,"minecraft:flint":12,"minecraft:wither_skeleton_skull":4,"minecraft:dirt":379,"minecraft:lantern":4,"farmersdelight:mutton_chops":2,"minecraft:leather_boots":8,"irons_spellbooks:hogskin":2,"irons_spellbooks:iron_spell_book":1,"minecraft:bone":59,"farmersdelight:iron_knife":2,"minecraft:bow":3,"minecraft:wheat_seeds":21,"minecraft:raw_gold":6,"iter_rpg:water_fragment":3,"minecraft:mossy_stone_bricks":1,"twigs:twig":5,"minecraft:oak_planks":11,"irons_spellbooks:frozen_bone":1,"patchouli:guide_book":1,"iter_rpg:spider_silk":1,"simplyswords:shadowsting":1,"royalvariations:royal_bone":1,"minecraft:sand":128,"ecologics:coconut_husk":7,"minecraft:nether_brick_stairs":4,"sons_of_sins:flesh_of_demise":2,"minecraft:sugar":2,"minecraft:yellow_carpet":11,"ringsofascension:ring_strength":1,"minecraft:diamond":1,"minecraft:crossbow":2,"knightquest:small_essence":7,"minecraft:granite":37,"minecraft:golden_apple":2,"byg:palm_boat":4,"minecraft:chainmail_helmet":1,"minecraft:bread":22,"minecraft:emerald":63,"minecraft:oak_sapling":6,"twigs:rhyolite":7,"cisco_mod:brightsteel_ingot":2,"minecraft:crimson_roots":3,"iter_rpg:spawner_fragment":10,"nethersdelight:hoglin_loin":1,"quark:white_corundum_cluster":6,"byg:soapstone":9,"minecraft:leather_leggings":2,"minecraft:brown_mushroom":64,"ecologics:seashell":3,"minecraft:wooden_pickaxe":1,"enigmaticlegacy:tattered_tome":1,"farmersdelight:diamond_knife":1,"minecraft:red_bed":2,"forbidden_arcanus:cherry_planks":2,"minecraft:iron_axe":2,"minecraft:wooden_sword":1,"ringsofascension:ring_fire_resistance":1,"minecraft:iron_shovel":1,"aquaculture:bluegill":1,"minecraft:beef":1,"irons_spellbooks:emerald_stoneplate_ring":1,"minecraft:sugar_cane":13,"minecraft:chest":1,"minecraft:spruce_trapdoor":1,"minecraft:raw_iron":56,"ecologics:coconut_slice":5,"minecraft:bowl":6,"minecraft:spruce_fence":1,"sophisticatedbackpacks:backpack":2,"minecraft:note_block":2,"minecraft:prismarine_crystals":1,"quark:yellow_corundum":3,"minecraft:tnt":2,"minecraft:arrow":53,"simplyswords:iron_scythe":2,"minecraft:nether_bricks":14,"byg:palm_log":206,"minecraft:nether_brick_wall":1,"forbidden_arcanus:spawner_scrap":42,"minecraft:skeleton_skull":1,"enemyexpansion:horsehead_helmet":1,"minecraft:tripwire_hook":2,"quark:white_corundum":3,"minecraft:leather":2,"ars_nouveau:wilden_wing":2,"minecraft:oak_log":104,"minecraft:nether_wart_block":5,"minecraft:gunpowder":2,"quark:forgotten_hat":1,"minecraft:red_nether_brick_stairs":1,"minecraft:apple":4,"minecraft:stone_bricks":2,"minecraft:warped_stem":3,"minecraft:iron_ingot":2,"minecraft:stone_pickaxe":2,"minecraft:glass_bottle":1,"apotheosis:gem_dust":3,"minecraft:iron_sword":1,"minecraft:book":3,"minecraft:budding_amethyst":4,"minecraft:cracked_nether_bricks":4,"minecraft:gravel":179,"enigmaticlegacy:void_stone":1,"enigmaticlegacy:enigmatic_amulet":2,"undead_unleashed:grave_metal_scrap":19,"minecraft:nether_brick_slab":3,"byg:palm_planks":13,"minecraft:leather_helmet":8,"alexsmobs:raw_catfish":2,"minecraft:slime_ball":7,"enigmaticlegacy:cursed_ring":2,"minecraft:stone_axe":2,"minecraft:chainmail_leggings":3,"minecraft:coal":54,"irons_spellbooks:scroll":2},"minecraft:broken":{"minecraft:golden_leggings":1,"minecraft:stone_axe":1}},"DataVersion":3120}