{"stats":{"minecraft:killed":{"minecraft:zombified_piglin":8,"minecraft:spider":7,"enemyexpansion:equestrian":3,"royalvariations:royal_skeleton":1,"humancompanions:arbalist":2,"minecraft:skeleton":22,"ecologics:coconut_crab":2,"ars_nouveau:summon_horse":2,"irons_spellbooks:archevoker":1,"irons_spellbooks:summoned_skeleton":1,"minecraft:magma_cube":5,"minecraft:piglin":1,"minecraft:parrot":1,"minecraft:pig":12,"alexsmobs:grizzly_bear":1,"enemyexpansion:tarantula":2,"minecraft:creeper":10,"bakery:wandering_baker":1,"alexsmobs:warped_toad":1,"undead_unleashed:frenzied_knight":1,"ars_nouveau:dummy":4,"minecraft:pillager":17,"enemyexpansion:meature":1,"minecraft:zombie":37,"undead_unleashed:shadewraith":1,"alexsmobs:terrapin":1,"minecraft:mooshroom":1,"enemyexpansion:botfly":8,"minecraft:stray":1,"undead_unleashed:haunter":7,"irons_spellbooks:summoned_zombie":1,"aquaculture:bluegill":1,"minecraft:vindicator":14,"enemyexpansion:direwolf":5,"enemyexpansion:faller":1,"enemyexpansion:silverqueen":1,"goblintraders:goblin_trader":2,"enemyexpansion:goblin":2,"iter_rpg:water_elemental":1,"minecraft:husk":1,"humancompanions:axeguard":4,"ars_nouveau:drygmy":1,"enemyexpansion:sprinter":3,"majruszsdifficulty:cursed_armor":2,"minecraft:ravager":1,"minecraft:hoglin":1,"enemyexpansion:crawler":1,"alexsmobs:catfish":1,"sons_of_sins:betrayed_guzzler":2,"enemyexpansion:huntsman":1,"minecraft:wither_skeleton":2},"minecraft:killed_by":{"minecraft:pillager":10,"minecraft:vindicator":3,"minecraft:zombie":1,"majruszsdifficulty:cursed_armor":2,"minecraft:hoglin":2,"minecraft:skeleton":5},"minecraft:dropped":{"minecraft:iron_sword":1,"minecraft:porkchop":12,"minecraft:oak_log":1,"minecraft:glass_bottle":7,"minecolonies:supplycampdeployer":3,"ecologics:coconut_slice":1,"minecraft:crossbow":2,"majruszsdifficulty:tattered_helmet":1,"minecraft:leather":5,"undead_unleashed:grave_metal_scrap":8,"minecraft:leather_helmet":7,"twigs:pebble":12,"minecraft:dirt":285,"minecraft:dark_oak_log":5,"immersive_armors:wooden_leggings":1,"minecraft:mutton":3,"minecraft:gold_nugget":2,"minecraft:wooden_sword":1,"minecraft:sugar":2,"minecraft:iron_pickaxe":1,"immersive_armors:wooden_chestplate":1,"irons_spellbooks:emerald_stoneplate_ring":1,"farmersdelight:mutton_chops":1,"minecraft:bone":13,"byg:palm_planks":32,"minecraft:gravel":125,"minecraft:note_block":1,"minecraft:stone_axe":1,"minecraft:goat_horn":1,"minecraft:sugar_cane":6,"enigmaticlegacy:blazing_core":1,"minecraft:cobbled_deepslate":72,"minecraft:wheat":5,"immersive_armors:wooden_boots":1,"minecraft:purple_banner":2,"minecraft:rotten_flesh":6,"enigmaticlegacy:tattered_tome":2,"ringsofascension:ring_magnetism":1,"minecraft:carrot":3,"minecraft:leather_chestplate":9,"supplementaries:flax_seeds":2,"supplementaries:ash":29,"quark:white_corundum_cluster":6,"minecraft:skeleton_skull":1,"aquaculture:bluegill":1,"ringsofascension:ring_night_vision":1,"apotheosis:gem":13,"minecraft:leather_boots":8,"ecologics:coconut_husk":11,"minecraft:leather_leggings":1,"minecraft:arrow":10,"minecraft:beef":1,"enigmaticlegacy:enigmatic_amulet":2,"minecraft:written_book":1,"minecraft:enchanting_table":1,"minecraft:enchanted_book":1,"minecraft:iron_ingot":1,"minecraft:wheat_seeds":2,"majruszsaccessories:adventurer_kit":1,"minecraft:prismarine_shard":4,"minecraft:cobblestone":36,"minecraft:prismarine_crystals":1,"quark:white_corundum":3,"minecraft:granite":35,"ecologics:crab_claw":1,"quark:yellow_corundum":3,"minecraft:golden_apple":1,"minecraft:coal":10,"minecraft:stick":4,"relics:bastion_ring":1,"origins:orb_of_origin":1,"minecraft:torch":83,"byg:soapstone":1,"minecraft:nether_wart_block":1,"forbidden_arcanus:spawner_scrap":28,"minecraft:potion":6,"minecraft:iron_leggings":3,"minecraft:iron_axe":1,"minecraft:chainmail_leggings":3,"minecraft:string":21,"ars_nouveau:wilden_wing":1,"ars_nouveau:caster_tome":1,"minecraft:redstone":4,"twigs:rhyolite":7,"minecraft:stone_sword":1,"minecraft:bowl":14,"majruszsaccessories:tool_scraps":1,"minecraft:raw_iron":10,"quark:yellow_corundum_cluster":10,"minecraft:budding_amethyst":8,"enigmaticlegacy:cursed_ring":3,"minecraft:shroomlight":1,"simplyswords:iron_scythe":1,"aether:iron_gloves":1,"minecraft:oak_sapling":6,"minecraft:wooden_shovel":1,"farmersdelight:minced_beef":1,"minecraft:brown_carpet":9,"knightquest:small_essence":3,"minecraft:slime_ball":3,"minecraft:bow":1,"minecraft:stone_pickaxe":2,"minecraft:wooden_pickaxe":3,"ecologics:seashell":3,"immersive_armors:wooden_helmet":1},"minecraft:broken":{"minecraft:stone_axe":1},"minecraft:crafted":{"minecraft:oak_planks":416,"minecraft:warped_planks":12,"minecraft:glass":56,"minecraft:iron_boots":1,"cisco_mod:adventurer_boots":1,"cisco_mod:adventurer_helmet":1,"minecraft:wooden_shovel":1,"byg:palm_crafting_table":1,"minecraft:cooked_porkchop":3,"minecraft:crafting_table":1,"minecraft:wooden_pickaxe":2,"minecraft:iron_helmet":1,"byg:palm_planks":368,"cisco_mod:adventurer_chestplate":2,"minecraft:iron_chestplate":1,"minecraft:stick":16,"minecraft:iron_ingot":41,"minecraft:iron_pickaxe":1,"bakery:braided_bread":1,"minecraft:furnace":1,"minecraft:iron_axe":1,"cisco_mod:adventurer_leggings":1,"minecraft:enchanting_table":1,"sophisticatedbackpacks:gold_backpack":1,"minecraft:air":0,"minecraft:iron_leggings":1,"minecraft:torch":48},"minecraft:mined":{"minecraft:red_nether_bricks":9,"minecraft:granite":2,"minecraft:grass_block":110,"minecraft:yellow_carpet":11,"quark:white_corundum":3,"quark:yellow_corundum":4,"minecraft:spawner":6,"minecraft:weeping_vines_plant":2,"minecraft:iron_ore":29,"minecraft:fire":7,"minecraft:nether_brick_stairs":5,"minecraft:oak_stairs":1,"minecraft:iron_bars":2,"minecraft:red_bed":2,"minecraft:note_block":1,"quark:white_corundum_cluster":3,"minecraft:chest":1,"minecraft:nether_brick_slab":1,"minecraft:sugar_cane":7,"minecraft:oak_planks":9,"minecraft:seagrass":1,"minecraft:stone_stairs":1,"byg:soapstone":8,"ecologics:seashell":1,"byg:palm_log":177,"minecraft:nether_wart_block":2,"forbidden_arcanus:cherry_planks":2,"minecraft:tnt":2,"minecraft:stone_brick_stairs":1,"minecraft:grass":45,"minecraft:oak_log":104,"minecraft:sand":128,"minecraft:dirt":210,"quark:yellow_corundum_cluster":3,"twigs:rhyolite":7,"minecraft:oak_leaves":68,"minecraft:deepslate":38,"minecraft:nether_bricks":11,"minecraft:spruce_fence":1,"minecraft:jungle_planks":64,"minecraft:crimson_roots":3,"minecraft:cracked_nether_bricks":1,"minecraft:andesite":5,"minecraft:bookshelf":2,"minecraft:shroomlight":1,"minecraft:deepslate_iron_ore":13,"minecraft:warped_stem":3,"ars_nouveau:rune":1,"irons_spellbooks:inscription_table":1,"minecraft:stone":30,"minecraft:podzol":21,"byg:palm_planks":6,"minecraft:crafting_table":1,"minecraft:sculk_sensor":1,"minecraft:tall_grass":17,"minecraft:copper_ore":64,"minecraft:deepslate_gold_ore":1,"minecraft:diorite":1,"supplementaries:urn":1,"forbidden_arcanus:xpetrified_ore":2,"minecraft:coal_ore":50,"minecraft:gravel":64,"minecraft:yellow_concrete":1,"minecraft:gold_ore":5},"minecraft:custom":{"enigmaticlegacy:play_time_with_seven_curses":0,"lootr:looted_stat":137,"minecraft:interact_with_crafting_table":17,"minecraft:open_barrel":3,"goblintraders:trade_with_goblin":2,"minecraft:leave_game":2,"minecraft:time_since_death":65949,"minecraft:damage_resisted":330,"minecraft:sprint_one_cm":602488,"minecraft:drop":252,"minecraft:play_noteblock":1,"minecraft:talked_to_villager":5,"minecraft:play_time":286148,"minecraft:deaths":24,"minecraft:jump":3694,"minecraft:walk_on_water_one_cm":23658,"minecraft:interact_with_furnace":16,"minecraft:traded_with_villager":1,"minecraft:sleep_in_bed":8,"minecraft:waystone_activated":2,"minecraft:damage_dealt":35467,"minecraft:player_kills":6,"minecraft:crouch_one_cm":42828,"minecraft:interact_with_smoker":1,"minecraft:horse_one_cm":3250,"minecraft:interact_with_smithing_table":2,"minecraft:mob_kills":221,"minecraft:damage_dealt_resisted":3762,"minecraft:climb_one_cm":9268,"minecraft:walk_one_cm":810942,"minecraft:damage_dealt_absorbed":444,"minecraft:target_hit":1,"minecraft:sneak_time":12370,"minecraft:walk_under_water_one_cm":10427,"minecraft:boat_one_cm":20391,"minecraft:interact_with_lectern":1,"minecraft:interact_with_blast_furnace":1,"minecraft:total_world_time":286148,"enigmaticlegacy:play_time_without_seven_curses":285132,"minecraft:time_since_rest":66049,"minecraft:damage_absorbed":3779,"minecraft:damage_taken":13133,"minecraft:swim_one_cm":33571,"minecraft:fly_one_cm":751629,"minecraft:open_chest":274,"minecraft:fall_one_cm":119154},"minecraft:used":{"irons_spellbooks:inscription_table":1,"cisco_mod:adventurer_chestplate":2,"minecraft:chest":1,"minecraft:iron_sword":25,"farmersdelight:mutton_chops":15,"byg:palm_crafting_table":1,"minecraft:rotten_flesh":2,"minecraft:nether_bricks":5,"minecraft:carrot":4,"byg:palm_boat":2,"minecraft:obsidian":10,"ars_nouveau:amethyst_golem_charm":1,"minecraft:glass":16,"minecraft:golden_sword":51,"immersive_armors:wooden_chestplate":1,"ars_nouveau:source_berry":1,"simplyswords:iron_scythe":74,"minecraft:bow":4,"minecraft:furnace":1,"immersive_armors:wooden_helmet":1,"alexsmobs:raw_catfish":2,"minecraft:diorite":1,"minecraft:stone_pickaxe":19,"minecraft:oak_planks":6,"minecraft:wooden_pickaxe":58,"minecraft:sugar_cane":7,"minecraft:golden_apple":1,"relics:horse_flute":2,"farmersdelight:ratatouille":16,"easy_villagers:villager":1,"minecraft:bread":6,"minecraft:gravel":1,"ecologics:coconut_slice":4,"simplyswords:shadowsting":306,"minecraft:nether_wart_block":1,"minecraft:wooden_sword":14,"sons_of_sins:flesh_of_demise":1,"minecraft:andesite":1,"delightful:acorn":1,"minecraft:experience_bottle":12,"cisco_mod:adventurer_leggings":2,"farmersdelight:diamond_knife":28,"minecraft:wooden_shovel":29,"minecraft:torch":7,"minecraft:dirt":94,"byg:palm_log":141,"minecraft:granite":2,"minecraft:nether_brick_stairs":4,"minecraft:bookshelf":5,"minecraft:iron_axe":234,"minecraft:iron_leggings":2,"minecraft:red_nether_bricks":7,"minecraft:crafting_table":1,"minecraft:red_bed":1,"minecraft:warped_planks":12,"bakery:braided_bread":14,"farmersdelight:minced_beef":1,"farmersdelight:bacon_and_eggs":3,"cisco_mod:adventurer_helmet":2,"minecraft:apple":1,"minecraft:iron_pickaxe":239,"minecraft:cracked_nether_bricks":1,"minecraft:stone_axe":197,"alexsmobs:tendon_whip":1,"immersive_armors:wooden_boots":1,"minecraft:cobblestone":2,"minecraft:potion":6,"cisco_mod:adventurer_boots":2,"minecraft:cooked_porkchop":3,"minecraft:porkchop":7,"byg:palm_planks":187},"minecraft:picked_up":{"minecolonies:supplycampdeployer":2,"ars_nouveau:caster_tome":1,"minecraft:prismarine_shard":4,"minecraft:enchanted_book":2,"forbidden_arcanus:xpetrified_orb":2,"apotheosis:epic_material":2,"minecraft:string":23,"minecraft:dark_oak_trapdoor":1,"minecraft:raw_copper":219,"minecraft:red_nether_bricks":7,"minecraft:iron_leggings":6,"minecraft:purple_banner":2,"minecraft:experience_bottle":4,"minecraft:shroomlight":1,"irons_spellbooks:arcane_essence":5,"minecraft:gold_nugget":31,"minecraft:cobbled_deepslate":126,"delightful:acorn":1,"twigs:pebble":60,"undead_unleashed:grave_metal_sword":1,"minecraft:written_book":1,"minecraft:iron_pickaxe":1,"irons_spellbooks:inscription_table":1,"farmersdelight:ratatouille":7,"ecologics:crab_claw":1,"minecraft:tipped_arrow":1,"apotheosis:rare_material":10,"apotheosis:gem":16,"minecraft:torch":52,"quark:yellow_corundum_cluster":10,"minecraft:porkchop":21,"minecraft:diorite":1,"enigmaticlegacy:withered_tome":1,"majruszsaccessories:dream_catcher":2,"minecraft:brown_carpet":9,"easy_villagers:villager":1,"minecraft:stone_sword":3,"minecraft:rotten_flesh":38,"supplementaries:ash":29,"minecraft:cobblestone":41,"majruszsaccessories:tool_scraps":2,"minecraft:leather_chestplate":13,"minecraft:feather":3,"minecraft:andesite":1,"minecraft:golden_leggings":1,"minecraft:potato":1,"alexsmobs:bear_fur":1,"minecraft:flint":12,"minecraft:wither_skeleton_skull":4,"minecraft:dirt":379,"minecraft:lantern":1,"farmersdelight:mutton_chops":2,"minecraft:leather_boots":8,"minecraft:bone":47,"irons_spellbooks:hogskin":2,"irons_spellbooks:iron_spell_book":1,"farmersdelight:iron_knife":2,"minecraft:bow":3,"minecraft:wheat_seeds":21,"minecraft:raw_gold":6,"iter_rpg:water_fragment":3,"minecraft:mossy_stone_bricks":1,"twigs:twig":5,"minecraft:oak_planks":11,"irons_spellbooks:frozen_bone":1,"patchouli:guide_book":1,"iter_rpg:spider_silk":1,"simplyswords:shadowsting":1,"royalvariations:royal_bone":1,"minecraft:sand":128,"ecologics:coconut_husk":7,"minecraft:nether_brick_stairs":4,"sons_of_sins:flesh_of_demise":2,"minecraft:sugar":2,"minecraft:yellow_carpet":11,"minecraft:diamond":1,"knightquest:small_essence":7,"minecraft:crossbow":2,"minecraft:granite":37,"minecraft:golden_apple":2,"minecraft:emerald":62,"byg:palm_boat":4,"minecraft:bread":22,"minecraft:chainmail_helmet":1,"twigs:rhyolite":7,"minecraft:oak_sapling":6,"cisco_mod:brightsteel_ingot":2,"minecraft:crimson_roots":3,"iter_rpg:spawner_fragment":3,"nethersdelight:hoglin_loin":1,"quark:white_corundum_cluster":6,"byg:soapstone":9,"minecraft:leather_leggings":2,"minecraft:brown_mushroom":64,"ecologics:seashell":3,"minecraft:wooden_pickaxe":1,"enigmaticlegacy:tattered_tome":1,"farmersdelight:diamond_knife":1,"minecraft:red_bed":2,"minecraft:wooden_sword":1,"forbidden_arcanus:cherry_planks":2,"minecraft:iron_axe":2,"ringsofascension:ring_fire_resistance":1,"aquaculture:bluegill":1,"minecraft:beef":1,"irons_spellbooks:emerald_stoneplate_ring":1,"minecraft:sugar_cane":13,"minecraft:chest":1,"minecraft:spruce_trapdoor":1,"minecraft:raw_iron":56,"ecologics:coconut_slice":5,"minecraft:bowl":3,"minecraft:spruce_fence":1,"minecraft:note_block":2,"sophisticatedbackpacks:backpack":2,"minecraft:prismarine_crystals":1,"quark:yellow_corundum":3,"minecraft:tnt":2,"minecraft:arrow":52,"simplyswords:iron_scythe":2,"minecraft:nether_bricks":10,"byg:palm_log":206,"minecraft:skeleton_skull":1,"forbidden_arcanus:spawner_scrap":29,"enemyexpansion:horsehead_helmet":1,"minecraft:tripwire_hook":2,"quark:white_corundum":3,"minecraft:leather":2,"ars_nouveau:wilden_wing":2,"minecraft:oak_log":104,"minecraft:nether_wart_block":2,"minecraft:gunpowder":2,"quark:forgotten_hat":1,"minecraft:apple":4,"minecraft:stone_bricks":2,"minecraft:warped_stem":3,"minecraft:iron_ingot":1,"minecraft:stone_pickaxe":2,"minecraft:glass_bottle":1,"apotheosis:gem_dust":3,"minecraft:iron_sword":1,"minecraft:book":3,"minecraft:budding_amethyst":4,"minecraft:cracked_nether_bricks":1,"minecraft:gravel":179,"enigmaticlegacy:enigmatic_amulet":2,"undead_unleashed:grave_metal_scrap":17,"byg:palm_planks":13,"minecraft:leather_helmet":8,"alexsmobs:raw_catfish":2,"minecraft:slime_ball":7,"enigmaticlegacy:cursed_ring":2,"minecraft:stone_axe":2,"minecraft:chainmail_leggings":3,"minecraft:coal":50,"irons_spellbooks:scroll":2}},"DataVersion":3120}