{"stats":{"minecraft:killed":{"minecraft:zombified_piglin":2,"minecraft:spider":7,"enemyexpansion:equestrian":3,"royalvariations:royal_skeleton":1,"humancompanions:arbalist":2,"minecraft:skeleton":12,"ecologics:coconut_crab":2,"ars_nouveau:summon_horse":2,"irons_spellbooks:archevoker":1,"irons_spellbooks:summoned_skeleton":1,"minecraft:parrot":1,"minecraft:pig":12,"alexsmobs:grizzly_bear":1,"enemyexpansion:tarantula":2,"minecraft:creeper":9,"bakery:wandering_baker":1,"undead_unleashed:frenzied_knight":1,"ars_nouveau:dummy":2,"minecraft:pillager":17,"enemyexpansion:meature":1,"minecraft:zombie":25,"undead_unleashed:shadewraith":1,"alexsmobs:terrapin":1,"minecraft:mooshroom":1,"enemyexpansion:botfly":8,"minecraft:stray":1,"undead_unleashed:haunter":7,"irons_spellbooks:summoned_zombie":1,"aquaculture:bluegill":1,"minecraft:vindicator":14,"enemyexpansion:direwolf":5,"enemyexpansion:faller":1,"enemyexpansion:silverqueen":1,"goblintraders:goblin_trader":1,"enemyexpansion:goblin":2,"iter_rpg:water_elemental":1,"humancompanions:axeguard":4,"ars_nouveau:drygmy":1,"enemyexpansion:sprinter":3,"minecraft:ravager":1,"minecraft:hoglin":1,"enemyexpansion:crawler":1,"alexsmobs:catfish":1,"sons_of_sins:betrayed_guzzler":2,"enemyexpansion:huntsman":1},"minecraft:killed_by":{"minecraft:pillager":10,"minecraft:vindicator":3,"minecraft:zombie":1,"minecraft:hoglin":2,"minecraft:skeleton":5},"minecraft:dropped":{"minecraft:iron_sword":1,"minecraft:porkchop":11,"minecraft:oak_log":1,"minecraft:glass_bottle":2,"minecolonies:supplycampdeployer":3,"ecologics:coconut_slice":1,"minecraft:crossbow":2,"majruszsdifficulty:tattered_helmet":1,"minecraft:leather":5,"minecraft:leather_helmet":6,"minecraft:dirt":285,"minecraft:dark_oak_log":5,"immersive_armors:wooden_leggings":1,"minecraft:wooden_sword":1,"minecraft:iron_pickaxe":1,"immersive_armors:wooden_chestplate":1,"minecraft:bone":12,"byg:palm_planks":32,"minecraft:note_block":1,"minecraft:stone_axe":1,"minecraft:goat_horn":1,"minecraft:sugar_cane":6,"minecraft:wheat":5,"immersive_armors:wooden_boots":1,"minecraft:purple_banner":2,"minecraft:rotten_flesh":5,"enigmaticlegacy:tattered_tome":1,"minecraft:carrot":3,"minecraft:leather_chestplate":7,"supplementaries:flax_seeds":2,"supplementaries:ash":3,"aquaculture:bluegill":1,"ringsofascension:ring_night_vision":1,"apotheosis:gem":8,"minecraft:leather_boots":6,"ecologics:coconut_husk":11,"minecraft:arrow":8,"enigmaticlegacy:enigmatic_amulet":2,"minecraft:written_book":1,"minecraft:enchanting_table":1,"minecraft:iron_ingot":1,"majruszsaccessories:adventurer_kit":1,"minecraft:prismarine_shard":4,"minecraft:cobblestone":16,"minecraft:prismarine_crystals":1,"ecologics:crab_claw":1,"minecraft:coal":10,"minecraft:stick":4,"origins:orb_of_origin":1,"byg:soapstone":1,"minecraft:potion":4,"minecraft:iron_leggings":3,"minecraft:iron_axe":1,"minecraft:chainmail_leggings":3,"minecraft:string":1,"ars_nouveau:caster_tome":1,"minecraft:stone_sword":1,"minecraft:bowl":4,"majruszsaccessories:tool_scraps":1,"minecraft:raw_iron":10,"enigmaticlegacy:cursed_ring":3,"simplyswords:iron_scythe":1,"aether:iron_gloves":1,"minecraft:oak_sapling":6,"minecraft:wooden_shovel":1,"knightquest:small_essence":3,"minecraft:slime_ball":3,"minecraft:stone_pickaxe":1,"minecraft:wooden_pickaxe":3,"ecologics:seashell":3,"immersive_armors:wooden_helmet":1},"minecraft:broken":{"minecraft:stone_axe":1},"minecraft:crafted":{"minecraft:oak_planks":160,"minecraft:glass":56,"minecraft:iron_boots":1,"cisco_mod:adventurer_boots":1,"cisco_mod:adventurer_helmet":1,"minecraft:wooden_shovel":1,"byg:palm_crafting_table":1,"minecraft:cooked_porkchop":3,"minecraft:crafting_table":1,"minecraft:wooden_pickaxe":2,"minecraft:iron_helmet":1,"byg:palm_planks":368,"cisco_mod:adventurer_chestplate":2,"minecraft:iron_chestplate":1,"minecraft:stick":16,"minecraft:iron_ingot":41,"minecraft:iron_pickaxe":1,"bakery:braided_bread":1,"minecraft:furnace":1,"minecraft:iron_axe":1,"cisco_mod:adventurer_leggings":1,"minecraft:enchanting_table":1,"sophisticatedbackpacks:gold_backpack":1,"minecraft:air":0,"minecraft:iron_leggings":1},"minecraft:mined":{"minecraft:granite":2,"minecraft:grass_block":110,"minecraft:yellow_carpet":11,"minecraft:spawner":6,"minecraft:iron_ore":2,"minecraft:fire":7,"minecraft:oak_stairs":1,"minecraft:iron_bars":2,"minecraft:red_bed":2,"minecraft:note_block":1,"minecraft:chest":1,"minecraft:sugar_cane":7,"minecraft:oak_planks":9,"minecraft:seagrass":1,"minecraft:stone_stairs":1,"byg:soapstone":8,"ecologics:seashell":1,"byg:palm_log":177,"forbidden_arcanus:cherry_planks":2,"minecraft:tnt":2,"minecraft:stone_brick_stairs":1,"minecraft:grass":45,"minecraft:oak_log":104,"minecraft:sand":128,"minecraft:dirt":210,"minecraft:oak_leaves":67,"minecraft:spruce_fence":1,"minecraft:jungle_planks":64,"minecraft:andesite":5,"minecraft:bookshelf":2,"ars_nouveau:rune":1,"irons_spellbooks:inscription_table":1,"minecraft:stone":30,"minecraft:podzol":21,"byg:palm_planks":6,"minecraft:crafting_table":1,"minecraft:sculk_sensor":1,"minecraft:tall_grass":17,"minecraft:copper_ore":64,"supplementaries:urn":1,"forbidden_arcanus:xpetrified_ore":2,"minecraft:coal_ore":50,"minecraft:yellow_concrete":1,"minecraft:gold_ore":5},"minecraft:custom":{"enigmaticlegacy:play_time_with_seven_curses":0,"lootr:looted_stat":103,"minecraft:interact_with_crafting_table":17,"minecraft:open_barrel":3,"goblintraders:trade_with_goblin":2,"minecraft:leave_game":2,"minecraft:time_since_death":62054,"minecraft:damage_resisted":59,"minecraft:sprint_one_cm":500143,"minecraft:drop":158,"minecraft:play_noteblock":1,"minecraft:talked_to_villager":5,"minecraft:play_time":214148,"minecraft:deaths":22,"minecraft:jump":2976,"minecraft:walk_on_water_one_cm":18556,"minecraft:interact_with_furnace":16,"minecraft:traded_with_villager":1,"minecraft:sleep_in_bed":8,"minecraft:waystone_activated":1,"minecraft:damage_dealt":10090,"minecraft:player_kills":4,"minecraft:crouch_one_cm":27952,"minecraft:interact_with_smoker":1,"minecraft:horse_one_cm":3250,"minecraft:mob_kills":175,"minecraft:damage_dealt_resisted":1670,"minecraft:climb_one_cm":9008,"minecraft:walk_one_cm":597092,"minecraft:damage_dealt_absorbed":444,"minecraft:target_hit":1,"minecraft:sneak_time":7104,"minecraft:walk_under_water_one_cm":9570,"minecraft:boat_one_cm":20391,"minecraft:interact_with_lectern":1,"minecraft:interact_with_blast_furnace":1,"minecraft:total_world_time":214148,"enigmaticlegacy:play_time_without_seven_curses":213256,"minecraft:time_since_rest":62083,"minecraft:damage_absorbed":1373,"minecraft:damage_taken":11769,"minecraft:swim_one_cm":29135,"minecraft:fly_one_cm":655934,"minecraft:open_chest":229,"minecraft:fall_one_cm":92351},"minecraft:used":{"irons_spellbooks:inscription_table":1,"cisco_mod:adventurer_chestplate":2,"minecraft:chest":1,"minecraft:iron_sword":25,"farmersdelight:mutton_chops":15,"byg:palm_crafting_table":1,"minecraft:rotten_flesh":2,"minecraft:carrot":4,"byg:palm_boat":2,"minecraft:obsidian":10,"ars_nouveau:amethyst_golem_charm":1,"minecraft:glass":16,"minecraft:golden_sword":51,"immersive_armors:wooden_chestplate":1,"simplyswords:iron_scythe":43,"minecraft:bow":4,"minecraft:furnace":1,"immersive_armors:wooden_helmet":1,"alexsmobs:raw_catfish":2,"minecraft:stone_pickaxe":19,"minecraft:oak_planks":6,"minecraft:wooden_pickaxe":58,"minecraft:sugar_cane":7,"relics:horse_flute":2,"farmersdelight:ratatouille":12,"easy_villagers:villager":1,"minecraft:bread":6,"minecraft:gravel":1,"ecologics:coconut_slice":4,"minecraft:wooden_sword":14,"sons_of_sins:flesh_of_demise":1,"minecraft:andesite":1,"delightful:acorn":1,"minecraft:experience_bottle":11,"cisco_mod:adventurer_leggings":2,"farmersdelight:diamond_knife":28,"minecraft:wooden_shovel":29,"minecraft:dirt":94,"byg:palm_log":141,"minecraft:granite":2,"minecraft:bookshelf":5,"minecraft:iron_axe":230,"minecraft:iron_leggings":2,"minecraft:crafting_table":1,"minecraft:red_bed":1,"bakery:braided_bread":14,"cisco_mod:adventurer_helmet":2,"minecraft:apple":1,"minecraft:iron_pickaxe":107,"minecraft:stone_axe":197,"immersive_armors:wooden_boots":1,"minecraft:cobblestone":2,"minecraft:potion":1,"cisco_mod:adventurer_boots":2,"minecraft:cooked_porkchop":3,"minecraft:porkchop":7,"byg:palm_planks":187},"minecraft:picked_up":{"minecolonies:supplycampdeployer":2,"ars_nouveau:caster_tome":1,"minecraft:prismarine_shard":4,"forbidden_arcanus:xpetrified_orb":2,"apotheosis:epic_material":2,"minecraft:string":8,"minecraft:dark_oak_trapdoor":1,"minecraft:raw_copper":219,"minecraft:iron_leggings":5,"minecraft:purple_banner":2,"minecraft:experience_bottle":3,"irons_spellbooks:arcane_essence":5,"delightful:acorn":1,"twigs:pebble":6,"undead_unleashed:grave_metal_sword":1,"minecraft:written_book":1,"minecraft:iron_pickaxe":1,"irons_spellbooks:inscription_table":1,"farmersdelight:ratatouille":7,"ecologics:crab_claw":1,"minecraft:tipped_arrow":1,"apotheosis:rare_material":10,"apotheosis:gem":10,"minecraft:torch":9,"minecraft:porkchop":21,"majruszsaccessories:dream_catcher":2,"minecraft:brown_carpet":9,"easy_villagers:villager":1,"minecraft:stone_sword":1,"minecraft:rotten_flesh":38,"supplementaries:ash":8,"minecraft:cobblestone":31,"majruszsaccessories:tool_scraps":2,"minecraft:leather_chestplate":9,"minecraft:feather":3,"minecraft:andesite":1,"minecraft:potato":1,"alexsmobs:bear_fur":1,"minecraft:wither_skeleton_skull":4,"minecraft:dirt":379,"minecraft:lantern":1,"farmersdelight:mutton_chops":2,"minecraft:leather_boots":6,"minecraft:bone":27,"irons_spellbooks:hogskin":2,"irons_spellbooks:iron_spell_book":1,"farmersdelight:iron_knife":2,"minecraft:bow":2,"minecraft:wheat_seeds":20,"minecraft:raw_gold":5,"iter_rpg:water_fragment":3,"twigs:twig":5,"minecraft:oak_planks":11,"irons_spellbooks:frozen_bone":1,"patchouli:guide_book":1,"iter_rpg:spider_silk":1,"royalvariations:royal_bone":1,"minecraft:sand":128,"ecologics:coconut_husk":7,"sons_of_sins:flesh_of_demise":2,"minecraft:yellow_carpet":11,"knightquest:small_essence":4,"minecraft:crossbow":2,"minecraft:granite":9,"minecraft:emerald":62,"byg:palm_boat":4,"minecraft:bread":22,"minecraft:chainmail_helmet":1,"minecraft:oak_sapling":6,"cisco_mod:brightsteel_ingot":2,"iter_rpg:spawner_fragment":3,"nethersdelight:hoglin_loin":1,"byg:soapstone":9,"minecraft:brown_mushroom":64,"ecologics:seashell":3,"minecraft:wooden_pickaxe":1,"farmersdelight:diamond_knife":1,"minecraft:red_bed":2,"minecraft:wooden_sword":1,"forbidden_arcanus:cherry_planks":2,"minecraft:iron_axe":2,"aquaculture:bluegill":1,"minecraft:beef":1,"minecraft:sugar_cane":13,"minecraft:chest":1,"minecraft:spruce_trapdoor":1,"minecraft:raw_iron":7,"ecologics:coconut_slice":5,"minecraft:spruce_fence":1,"minecraft:note_block":2,"sophisticatedbackpacks:backpack":2,"minecraft:prismarine_crystals":1,"minecraft:tnt":2,"minecraft:arrow":33,"simplyswords:iron_scythe":2,"byg:palm_log":206,"forbidden_arcanus:spawner_scrap":8,"enemyexpansion:horsehead_helmet":1,"minecraft:tripwire_hook":2,"minecraft:leather":2,"minecraft:oak_log":104,"minecraft:gunpowder":2,"minecraft:apple":4,"minecraft:iron_ingot":1,"minecraft:stone_pickaxe":1,"minecraft:glass_bottle":1,"apotheosis:gem_dust":3,"minecraft:iron_sword":1,"minecraft:book":3,"minecraft:gravel":1,"enigmaticlegacy:enigmatic_amulet":2,"undead_unleashed:grave_metal_scrap":2,"byg:palm_planks":13,"minecraft:leather_helmet":7,"alexsmobs:raw_catfish":2,"enigmaticlegacy:cursed_ring":2,"minecraft:stone_axe":2,"minecraft:chainmail_leggings":3,"minecraft:coal":50,"irons_spellbooks:scroll":2}},"DataVersion":3120}