{"stats":{"minecraft:killed":{"minecraft:cave_spider":8,"irons_spellbooks:summoned_zombie":4,"minecraft:vindicator":7,"minecraft:spider":5,"enemyexpansion:direwolf":1,"enemyexpansion:goblin_fear":1,"minecraft:skeleton":5,"enemyexpansion:faller":1,"minecraft:silverfish":2,"alexsmobs:centipede_head":1,"enemyexpansion:goblin":2,"enemyexpansion:vampflyer":5,"minecraft:husk":1,"minecraft:parrot":1,"minecraft:pig":2,"minecraft:zombie_villager":1,"majruszsdifficulty:cursed_armor":3,"minecraft:creeper":8,"undead_unleashed:frenzied_knight":1,"ars_nouveau:dummy":1,"minecraft:pillager":21,"irons_spellbooks:summoned_vex":3,"minecraft:zombie":16,"undead_unleashed:shadewraith":1,"enemyexpansion:botfly":4,"enemyexpansion:huntsman":1,"undead_unleashed:haunter":2,"iter_rpg:scallop":2},"minecraft:killed_by":{"minecraft:player":3,"minecraft:pillager":5,"minecraft:vindicator":13,"irons_spellbooks:necromancer":1},"minecraft:dropped":{"minecraft:bread":23,"minecraft:birch_planks":2,"minecraft:dark_oak_stairs":2,"minecraft:wheat_seeds":24,"minecraft:tnt":1,"minecolonies:supplycampdeployer":3,"minecraft:yellow_concrete":4,"minecraft:feather":4,"minecraft:crossbow":1,"minecraft:granite":1,"minecraft:jungle_planks":2,"minecraft:spruce_stairs":1,"undead_unleashed:grave_metal_scrap":2,"apotheosis:epic_material":2,"minecraft:chainmail_helmet":1,"minecraft:stick":3,"minecraft:dirt":19,"enemyexpansion:trollface":1,"undead_unleashed:cursed_cloth":1,"minecraft:stone_button":1,"minecraft:torch":1,"immersive_armors:wooden_leggings":1,"minecraft:dark_oak_trapdoor":2,"byg:soapstone":1,"forbidden_arcanus:spawner_scrap":4,"minecraft:iron_leggings":1,"minecraft:wooden_sword":1,"minecraft:potion":1,"forbidden_arcanus:edelwood_bucket":1,"minecraft:sand":1,"immersive_armors:wooden_chestplate":2,"minecraft:string":5,"minecraft:dark_oak_planks":4,"minecraft:bone":2,"byg:palm_planks":7,"ars_nouveau:caster_tome":1,"alexsmobs:centipede_leg":1,"minecraft:iron_nugget":1,"minecraft:cobbled_deepslate":5,"byg:palm_log":29,"minecraft:purple_banner":1,"simplyswords:diamond_sai":1,"minecraft:rotten_flesh":9,"minecraft:oak_planks":1,"enigmaticlegacy:tattered_tome":3,"iter_rpg:spawner_fragment":2,"byg:palm_boat":1,"minecraft:spruce_fence":1,"cisco_mod:divine_core":1,"enigmaticlegacy:cursed_ring":1,"minecraft:chainmail_chestplate":1,"iter_rpg:abyssquartz_shard":2,"minecraft:leather_chestplate":1,"supplementaries:ash":4,"ecologics:walnut":1,"aether:iron_gloves":4,"minecraft:jungle_stairs":3,"minecraft:andesite":12,"apotheosis:gem":16,"minecraft:oak_sapling":5,"minecraft:spider_eye":4,"knightquest:small_essence":2,"minecraft:arrow":14,"minecraft:written_book":1,"minecraft:nether_brick_stairs":1},"minecraft:broken":{"undead_unleashed:grave_metal_chestplate":1,"immersive_armors:wooden_boots":1,"immersive_armors:wooden_helmet":1,"minecraft:iron_pickaxe":1},"minecraft:crafted":{"minecraft:oak_planks":12,"minecraft:furnace":1,"minecraft:bow":1,"minecraft:chest":8,"byg:palm_boat":1,"minecraft:wheat":99,"byg:palm_crafting_table":3,"minecraft:crafting_table":3,"sophisticatedbackpacks:gold_backpack":1,"minecraft:bread":36,"minecraft:air":0,"byg:palm_planks":12,"forbidden_arcanus:cherry_planks":20,"minecraft:stick":36,"minecraft:iron_ingot":32,"minecraft:torch":140},"minecraft:mined":{"minecraft:dark_oak_planks":5,"minecraft:tuff":1,"minecraft:spruce_planks":5,"sophisticatedbackpacks:gold_backpack":1,"minecraft:granite":1,"minecraft:spruce_fence":1,"minecraft:grass_block":7,"minecraft:jungle_planks":2,"iter_rpg:big_vase":2,"minecraft:spawner":9,"minecraft:hay_block":11,"forbidden_arcanus:deepslate_arcane_crystal_ore":4,"minecraft:furnace":1,"forbidden_arcanus:thin_cherry_log":10,"iter_rpg:small_vase":2,"minecraft:dark_oak_trapdoor":1,"minecraft:iron_ore":79,"minecraft:fire":1,"minecraft:andesite":17,"minecraft:deepslate_lapis_ore":2,"minecraft:nether_brick_stairs":1,"minecraft:dark_oak_stairs":2,"minecraft:vine":1,"minecraft:deepslate_iron_ore":8,"minecraft:oak_stairs":1,"minecraft:stone":13,"minecraft:spruce_slab":64,"minecraft:red_bed":2,"minecraft:crafting_table":1,"minecraft:jungle_stairs":3,"minecraft:tall_grass":51,"minecraft:cobblestone":2,"minecraft:deepslate_gold_ore":16,"minecraft:oak_planks":1,"minecraft:wall_torch":1,"supplementaries:urn":7,"minecraft:spruce_stairs":1,"minecraft:birch_planks":2,"byg:palm_log":64,"forbidden_arcanus:xpetrified_ore":2,"iter_rpg:abyss_quartz":1,"minecraft:grass":265,"minecraft:oak_log":28,"minecraft:coal_ore":147,"minecraft:yellow_concrete":2,"minecraft:dirt":10,"minecraft:crimson_planks":1,"minecraft:cobweb":26,"minecraft:dispenser":2,"minecraft:gold_ore":1,"minecraft:oak_leaves":1,"minecraft:deepslate":6},"minecraft:custom":{"enigmaticlegacy:play_time_with_seven_curses":0,"lootr:looted_stat":102,"minecraft:mob_kills":103,"minecraft:interact_with_crafting_table":17,"minecraft:open_barrel":1,"minecraft:damage_dealt_resisted":500,"minecraft:time_since_death":8149,"minecraft:leave_game":5,"minecraft:climb_one_cm":7631,"minecraft:damage_resisted":0,"minecraft:sprint_one_cm":296449,"minecraft:walk_one_cm":206927,"minecraft:drop":118,"minecraft:damage_dealt_absorbed":764,"minecraft:talked_to_villager":3,"minecraft:target_hit":1,"minecraft:play_time":161598,"minecraft:deaths":24,"minecraft:sneak_time":5239,"minecraft:walk_under_water_one_cm":6026,"minecraft:boat_one_cm":124833,"minecraft:jump":1955,"minecraft:walk_on_water_one_cm":4689,"minecraft:enchant_item":1,"minecraft:total_world_time":161598,"minecraft:interact_with_furnace":9,"enigmaticlegacy:play_time_without_seven_curses":160514,"minecraft:sleep_in_bed":4,"minecraft:waystone_activated":1,"minecraft:time_since_rest":8564,"minecraft:damage_taken":11752,"minecraft:damage_absorbed":3599,"minecraft:damage_dealt":31573,"minecraft:swim_one_cm":4422,"minecraft:fly_one_cm":208908,"minecraft:open_chest":97,"minecraft:crouch_one_cm":10311,"minecraft:fall_one_cm":78413,"minecraft:horse_one_cm":4618,"minecraft:inspect_dispenser":1},"minecraft:used":{"minecraft:enchanting_table":1,"cisco_mod:adventurer_chestplate":4,"minecraft:chest":8,"lootr:trophy":1,"byg:palm_crafting_table":3,"minecraft:iron_chestplate":1,"minecraft:torch":88,"minecraft:dirt":7,"simplyswords:diamond_sai":37,"byg:palm_log":3,"minecraft:tuff":1,"byg:palm_boat":2,"minecraft:bookshelf":5,"simplyswords:diamond_scythe":77,"minecraft:iron_axe":90,"minecraft:bow":9,"immersive_armors:wooden_chestplate":1,"simplyswords:iron_scythe":207,"minecraft:furnace":2,"forbidden_arcanus:cherry_planks":2,"minecraft:cobbled_deepslate":1,"sophisticatedbackpacks:gold_backpack":1,"minecraft:oak_planks":4,"minecraft:chainmail_helmet":1,"forbidden_arcanus:edelwood_suspicious_stew_bucket":1,"minecraft:golden_apple":9,"minecraft:crafting_table":5,"minecraft:oak_slab":2,"minecraft:red_bed":2,"minecraft:crossbow":3,"minecraft:oak_log":1,"waystones:waystone":1,"cisco_mod:adventurer_helmet":4,"minecraft:bread":25,"minecraft:iron_pickaxe":322,"minecraft:stone_axe":3,"immersive_armors:wooden_boots":1,"minecraft:cobblestone":12,"cisco_mod:adventurer_boots":3,"minecraft:chainmail_boots":1,"minecraft:bucket":1,"minecraft:andesite":4,"byg:palm_planks":22,"immersive_armors:wooden_leggings":1,"minecraft:experience_bottle":4,"minecraft:diamond_leggings":3,"minecraft:chainmail_leggings":1},"minecraft:picked_up":{"nethersdelight:hoglin_loin":1,"ars_nouveau:caster_tome":5,"sophisticatedbackpacks:gold_backpack":3,"minecraft:iron_chestplate":1,"minecraft:crafting_table":2,"byg:soapstone":1,"minecraft:chainmail_boots":1,"undead_unleashed:cursed_cloth":1,"cisco_mod:divine_core":2,"aether:iron_gloves":3,"minecraft:oak_stairs":2,"enigmaticlegacy:tattered_tome":1,"undead_unleashed:grave_metal_chestplate":1,"forbidden_arcanus:xpetrified_orb":2,"apotheosis:epic_material":2,"minecraft:string":34,"minecraft:dark_oak_trapdoor":2,"minecraft:red_bed":2,"forbidden_arcanus:thin_cherry_log":10,"minecraft:iron_axe":2,"minecraft:purple_banner":1,"minecraft:experience_bottle":4,"irons_spellbooks:arcane_essence":4,"minecraft:diamond_leggings":1,"minecraft:cobbled_deepslate":6,"minecraft:bucket":2,"minecraft:spruce_planks":3,"iter_rpg:coin":1,"minecraft:iron_pickaxe":3,"minecraft:written_book":1,"minecraft:iron_nugget":7,"nethersdelight:hoglin_sirloin":3,"minecraft:spruce_slab":64,"minecraft:furnace":1,"minecraft:raw_iron":87,"apotheosis:gem":17,"minecraft:bowl":1,"minecraft:torch":153,"minecraft:spruce_stairs":1,"minecraft:spruce_fence":1,"minecraft:stone_button":1,"origins:orb_of_origin":1,"majruszsaccessories:adventurer_kit":2,"alexsmobs:centipede_leg":1,"minecraft:dark_oak_planks":4,"irons_spellbooks:evocation_rune":1,"easy_villagers:villager":1,"minecraft:tnt":1,"minecraft:arrow":161,"minecraft:rotten_flesh":14,"simplyswords:iron_scythe":2,"minecraft:pumpkin_pie":22,"minecraft:jungle_stairs":3,"minecraft:hay_block":11,"ringsofascension:ring_night_vision":2,"byg:palm_log":64,"supplementaries:ash":4,"minecraft:iron_bars":2,"forbidden_arcanus:spawner_scrap":6,"minecraft:cobblestone":21,"minecraft:rail":4,"minecraft:enchanting_table":1,"ecologics:walnut":1,"minecraft:leather_chestplate":1,"minecraft:feather":4,"minecraft:andesite":16,"minecraft:birch_planks":2,"minecraft:tuff":1,"minecraft:oak_log":28,"minecraft:chainmail_chestplate":1,"minecraft:gunpowder":7,"minecraft:wither_skeleton_skull":1,"minecraft:lapis_lazuli":14,"minecraft:dirt":26,"ars_elemental:water_caster_tome":2,"irons_spellbooks:hogskin":1,"minecraft:bone":3,"minecraft:acacia_planks":1,"minecraft:wheat_seeds":24,"minecraft:raw_gold":17,"minecraft:iron_ingot":2,"apotheosis:gem_dust":1,"minecraft:oak_planks":2,"minecraft:dark_oak_stairs":2,"minecraft:oak_slab":2,"irons_spellbooks:legendary_ink":1,"minecraft:yellow_concrete":4,"minecraft:sand":1,"enigmaticlegacy:enigmatic_amulet":2,"minecraft:jungle_planks":66,"undead_unleashed:grave_metal_scrap":2,"minecraft:nether_brick_stairs":1,"iter_rpg:stone_geode":1,"byg:palm_planks":96,"minecraft:spider_eye":8,"enemyexpansion:trollface":1,"forbidden_arcanus:arcane_crystal":4,"minecraft:dispenser":2,"minecraft:stone_axe":1,"immersive_armors:wooden_chestplate":1,"waystones:waystone":2,"minecraft:chainmail_leggings":3,"iter_rpg:abyssquartz_shard":2,"knightquest:small_essence":3,"minecraft:granite":1,"minecraft:crossbow":4,"minecraft:emerald":11,"minecraft:bread":65,"minecraft:chainmail_helmet":3,"minecraft:oak_sapling":11,"iter_rpg:spawner_fragment":3,"minecraft:coal":153,"minecolonies:supplycampdeployer":3,"irons_spellbooks:scroll":6}},"DataVersion":3120}