{"stats":{"minecraft:used":{"minecraft:oak_planks":10,"minecraft:ender_pearl":1,"minecraft:red_bed":1,"ars_nouveau:archwood_planks":4,"bakery:strawberry":2,"minecraft:apple":8,"minecraft:bread":3,"minecraft:iron_helmet":1,"minecraft:golden_sword":25,"minecraft:golden_carrot":1,"minecraft:diamond_leggings":1,"minecraft:golden_pickaxe":7,"minecraft:golden_axe":24},"minecraft:killed":{"minecraft:pig":1,"irons_spellbooks:summoned_zombie":1,"enemyexpansion:tarantula":1,"minecraft:spider":2,"minecraft:iron_golem":1,"irons_spellbooks:necromancer":3,"minecraft:creeper":1,"minecraft:phantom":1,"minecraft:zombie":8,"undead_unleashed:shadewraith":1,"enemyexpansion:botfly":3,"irons_spellbooks:summoned_skeleton":2},"minecraft:broken":{"minecraft:golden_axe":1},"minecraft:crafted":{"minecraft:oak_planks":44,"ars_nouveau:archwood_planks":4,"minecraft:wheat":72},"minecraft:killed_by":{"minecraft:enderman":1,"minecraft:iron_golem":1},"minecraft:custom":{"enigmaticlegacy:play_time_with_seven_curses":19887,"lootr:looted_stat":24,"minecraft:mob_kills":28,"enigmaticlegacy:play_time_without_seven_curses":13355,"minecraft:damage_dealt_resisted":0,"minecraft:time_since_death":4104,"minecraft:sleep_in_bed":1,"minecraft:damage_resisted":0,"minecraft:climb_one_cm":129,"minecraft:time_since_rest":4134,"minecraft:waystone_activated":1,"minecraft:walk_one_cm":68838,"minecraft:damage_taken":1185,"minecraft:sprint_one_cm":113415,"minecraft:damage_absorbed":1752,"minecraft:drop":33,"minecraft:damage_dealt":807,"minecraft:damage_dealt_absorbed":242,"minecraft:fly_one_cm":98775,"minecraft:player_kills":3,"minecraft:crouch_one_cm":402,"minecraft:play_time":33304,"minecraft:deaths":2,"minecraft:sneak_time":266,"minecraft:jump":640,"minecraft:walk_on_water_one_cm":317,"minecraft:fall_one_cm":22350,"minecraft:total_world_time":33304},"minecraft:dropped":{"ars_nouveau:purple_archwood_sapling":3,"majruszsaccessories:adventurer_kit":1,"ars_nouveau:archwood_planks":4,"minecraft:cobblestone":2,"minecraft:rotten_flesh":5,"minecraft:golden_shovel":1,"enigmaticlegacy:enigmatic_eye":1,"vinery:apple_log":7,"minecraft:potato":48,"minecraft:gunpowder":2,"aether:chainmail_gloves":1,"minecraft:golden_carrot":10,"minecraft:andesite":1,"vinery:apple_tree_sapling":2,"minecraft:crimson_roots":1,"minecraft:golden_leggings":2,"minecraft:oak_sapling":24,"forbidden_arcanus:spawner_scrap":1,"irons_spellbooks:arcane_essence":4,"delightful:acorn":1,"farmersdelight:onion":2,"minecraft:string":8,"minecraft:dandelion":4,"minecraft:netherrack":3,"twigs:twig":4},"minecraft:picked_up":{"irons_spellbooks:scroll":1,"minecraft:golden_carrot":1,"minecraft:andesite":1,"minecraft:golden_leggings":2,"minecraft:potato":76,"minecraft:oak_log":11,"enigmaticlegacy:enigmatic_eye":1,"minecraft:gunpowder":2,"ars_nouveau:archwood_planks":4,"apotheosis:epic_material":1,"minecraft:string":20,"minecraft:red_bed":3,"minecraft:moss_carpet":1,"minecraft:bone":3,"minecraft:apple":25,"irons_spellbooks:arcane_essence":4,"minecraft:diamond_leggings":1,"vinery:apple_tree_sapling":2,"delightful:acorn":1,"twigs:twig":4,"apotheosis:gem_dust":1,"minecraft:phantom_membrane":2,"bakery:strawberry":2,"minecraft:book":27,"minecraft:emerald_block":1,"ars_nouveau:purple_archwood_log":42,"minecraft:dandelion":4,"ars_nouveau:purple_archwood_sapling":3,"majruszsaccessories:adventurer_kit":1,"minecraft:spider_eye":1,"minecraft:rotten_flesh":13,"minecraft:slime_ball":3,"minecraft:hay_block":8,"minecraft:iron_helmet":1,"knightquest:small_essence":2,"minecraft:bread":19,"minecraft:oak_sapling":24,"minecraft:netherrack":3,"forbidden_arcanus:spawner_scrap":1,"vinery:apple_log":7,"minecraft:crimson_roots":1,"minecraft:cobblestone":3},"minecraft:mined":{"minecraft:red_bed":3,"minecraft:hay_block":8,"minecraft:spawner":1,"minecraft:skeleton_skull":1,"minecraft:fire":5,"minecraft:andesite":1,"minecraft:grass":5,"minecraft:bookshelf":12,"minecraft:oak_log":11,"minecraft:stone":1,"minecraft:netherrack":3,"minecraft:oak_leaves":3,"ars_nouveau:purple_archwood_log":24,"minecraft:emerald_block":1}},"DataVersion":3120}