{"stats":{"minecraft:custom":{"minecraft:interact_with_furnace":10,"minecraft:mob_kills":39,"minecraft:inspect_hopper":2,"minecraft:interact_with_crafting_table":22,"minecraft:leave_game":3,"minecraft:time_since_death":74475,"minecraft:climb_one_cm":424,"minecraft:time_since_rest":74475,"minecraft:sprint_one_cm":172444,"minecraft:damage_taken":610,"minecraft:walk_one_cm":163172,"minecraft:drop":7,"minecraft:damage_dealt":7810,"minecraft:swim_one_cm":1940,"minecraft:talked_to_villager":2,"minecraft:fly_one_cm":222456,"minecraft:open_chest":33,"minecraft:crouch_one_cm":26365,"minecraft:play_time":74475,"minecraft:sneak_time":5828,"minecraft:walk_under_water_one_cm":1479,"minecraft:jump":1316,"minecraft:walk_on_water_one_cm":24950,"minecraft:total_world_time":74475,"minecraft:fall_one_cm":28397},"minecraft:dropped":{"minecraft:oak_planks":58,"minecraft:acacia_log":2,"minecraft:shears":1,"minecraft:wooden_axe":1,"minecraft:stone_pickaxe":1,"minecraft:wooden_pickaxe":1,"minecraft:bucket":1},"minecraft:mined":{"minecraft:deepslate_redstone_ore":1,"minecraft:oak_slab":1,"minecraft:white_bed":4,"minecraft:oak_sapling":3,"minecraft:glass_pane":9,"minecraft:mossy_cobblestone":11,"minecraft:deepslate_diamond_ore":1,"minecraft:cobblestone_stairs":5,"minecraft:crafting_table":4,"minecraft:torch":1,"minecraft:lever":1,"minecraft:granite":1,"minecraft:short_grass":14,"minecraft:emerald_ore":1,"minecraft:chest":1,"minecraft:tall_grass":1,"minecraft:cobblestone":123,"minecraft:deepslate_gold_ore":1,"minecraft:sugar_cane":47,"minecraft:oak_planks":211,"minecraft:spawner":1,"minecraft:oak_trapdoor":6,"minecraft:furnace":1,"minecraft:iron_ore":3,"minecraft:deepslate_lapis_ore":1,"minecraft:yellow_bed":4,"minecraft:coal_ore":12,"minecraft:oak_log":1,"minecraft:deepslate_iron_ore":3,"minecraft:oak_stairs":41,"minecraft:tripwire_hook":7,"minecraft:stone":31,"minecraft:deepslate":10,"minecraft:oak_leaves":1,"minecraft:tripwire":24},"minecraft:broken":{"minecraft:wooden_axe":1},"minecraft:crafted":{"minecraft:cooked_beef":8,"minecraft:oak_slab":90,"minecraft:oak_planks":136,"minecraft:crafting_table":2,"minecraft:wooden_pickaxe":1,"minecraft:furnace":1,"minecraft:bone_meal":6,"minecraft:lever":2,"minecraft:bucket":1,"minecraft:stone_axe":2,"minecraft:air":0,"minecraft:oak_trapdoor":2,"minecraft:shield":1,"minecraft:iron_axe":2,"minecraft:stick":36,"minecraft:iron_pickaxe":2,"minecraft:stone_pickaxe":1,"minecraft:wooden_axe":2,"minecraft:chest":2,"minecraft:torch":48,"minecraft:shears":1},"minecraft:killed":{"minecraft:pig":6,"minecraft:spider":3,"minecraft:iron_golem":3,"minecraft:creeper":1,"minecraft:sheep":6,"minecraft:skeleton":3,"minecraft:zombie":5,"minecraft:drowned":1,"minecraft:cow":10},"minecraft:used":{"minecraft:oak_trapdoor":10,"minecraft:water_bucket":12,"minecraft:stone_pickaxe":29,"minecraft:oak_planks":82,"minecraft:chest":2,"minecraft:wooden_pickaxe":4,"minecraft:sugar_cane":66,"minecraft:torch":56,"minecraft:oak_slab":17,"minecraft:crafting_table":5,"minecraft:white_bed":5,"minecraft:shears":16,"minecraft:oak_log":7,"minecraft:wooden_axe":22,"minecraft:lever":4,"minecraft:iron_axe":225,"minecraft:bread":3,"minecraft:string":35,"minecraft:iron_pickaxe":189,"minecraft:stone_axe":117,"minecraft:tripwire_hook":11,"minecraft:cobblestone":112,"minecraft:oak_sapling":1,"minecraft:furnace":2,"minecraft:bucket":12,"minecraft:cobbled_deepslate":3,"minecraft:yellow_bed":4,"minecraft:cooked_beef":9,"minecraft:bone_meal":6},"minecraft:picked_up":{"minecraft:wooden_axe":1,"minecraft:crafting_table":4,"minecraft:tripwire_hook":11,"minecraft:leather":14,"minecraft:oak_stairs":34,"minecraft:oak_log":121,"minecraft:yellow_bed":4,"minecraft:gunpowder":2,"minecraft:cobblestone_stairs":5,"minecraft:lapis_lazuli":5,"minecraft:oak_trapdoor":8,"minecraft:string":72,"minecraft:bone":3,"minecraft:wheat_seeds":2,"minecraft:cobbled_deepslate":17,"minecraft:raw_gold":3,"minecraft:beef":27,"minecraft:iron_ingot":12,"minecraft:poppy":4,"minecraft:sugar_cane":66,"minecraft:chest":1,"minecraft:oak_planks":190,"minecraft:furnace":1,"minecraft:oak_slab":1,"minecraft:raw_iron":19,"minecraft:torch":9,"minecraft:acacia_log":2,"minecraft:dripstone_block":6,"minecraft:porkchop":12,"minecraft:white_bed":4,"minecraft:redstone":21,"minecraft:spider_eye":1,"minecraft:mossy_cobblestone":10,"minecraft:arrow":1,"minecraft:rotten_flesh":5,"minecraft:diamond":5,"minecraft:lever":2,"minecraft:granite":1,"minecraft:gray_wool":1,"minecraft:emerald":2,"minecraft:bread":35,"minecraft:oak_sapling":5,"minecraft:mutton":8,"minecraft:coal":140,"minecraft:white_wool":4,"minecraft:cobblestone":147}},"DataVersion":3955}