{"stats":{"minecraft:crafted":{"minecraft:oak_planks":12,"ars_nouveau:archwood_planks":84,"minecraft:warped_planks":124,"minecraft:bow":1,"minecraft:iron_boots":2,"minecraft:chest":12,"byg:palm_boat":1,"byg:palm_crafting_table":3,"minecraft:crafting_table":4,"minecraft:iron_helmet":2,"minecraft:copper_ingot":0,"byg:palm_planks":12,"minecraft:iron_chestplate":3,"minecraft:paper":6,"minecraft:stick":36,"minecraft:iron_ingot":40,"minecraft:iron_pickaxe":1,"minecraft:iron_block":3,"minecraft:raw_iron":9,"minecraft:furnace":1,"minecraft:iron_axe":1,"minecraft:wheat":99,"sophisticatedbackpacks:gold_backpack":1,"minecraft:bread":36,"minecraft:air":0,"forbidden_arcanus:cherry_planks":20,"minecraft:iron_leggings":1,"minecraft:iron_shovel":1,"minecraft:torch":220},"minecraft:dropped":{"minecraft:brown_mushroom":2,"minecraft:porkchop":1,"minecraft:birch_planks":2,"minecraft:dark_oak_stairs":2,"minecraft:glass_bottle":5,"minecolonies:supplycampdeployer":3,"minecraft:crafting_table":1,"minecraft:crossbow":1,"minecraft:leather":1,"minecraft:jungle_planks":2,"cisco_mod:adventurer_leggings":1,"undead_unleashed:grave_metal_scrap":18,"aquaculture:worm":5,"minecraft:leather_helmet":2,"minecraft:emerald":1,"minecraft:flint":14,"twigs:pebble":3,"minecraft:dirt":62,"undead_unleashed:cursed_cloth":2,"enemyexpansion:trollface":1,"minecraft:stone_button":1,"minecraft:dispenser":2,"immersive_armors:wooden_leggings":1,"minecraft:mutton":3,"minecraft:dark_oak_trapdoor":2,"irons_spellbooks:arcane_essence":7,"minecraft:gold_nugget":2,"minecraft:wooden_sword":1,"minecraft:sand":1,"minecraft:sugar":2,"minecraft:iron_pickaxe":1,"immersive_armors:wooden_chestplate":2,"majruszsdifficulty:tattered_leggings":1,"minecraft:dark_oak_planks":4,"twigs:twig":5,"minecraft:gold_ingot":5,"minecraft:bone":19,"byg:palm_planks":31,"minecraft:oak_door":1,"minecraft:gravel":74,"alexsmobs:centipede_leg":1,"ringsofascension:ring_fire_resistance":1,"minecraft:goat_horn":1,"irons_spellbooks:blank_rune":1,"minecraft:iron_nugget":54,"minecraft:cobbled_deepslate":212,"byg:palm_log":29,"minecraft:purple_banner":1,"minecraft:rotten_flesh":60,"enigmaticlegacy:tattered_tome":6,"minecraft:oak_planks":1,"iter_rpg:spawner_fragment":5,"cisco_mod:divine_core":1,"minecraft:warped_planks":29,"minecraft:carrot":1,"patchouli:guide_book":1,"minecraft:chainmail_chestplate":1,"iter_rpg:abyssquartz_shard":2,"minecraft:leather_chestplate":2,"supplementaries:ash":7,"alexsmobs:blood_sac":1,"minecraft:gunpowder":3,"quark:white_corundum_cluster":1,"minecraft:jungle_stairs":3,"apotheosis:gem":20,"forbidden_arcanus:arcane_crystal":4,"minecraft:red_nether_bricks":128,"minecraft:arrow":160,"minecraft:beef":1,"minecraft:warped_wart_block":65,"minecraft:cracked_nether_bricks":2,"minecraft:written_book":1,"minecraft:iron_ingot":4,"minecraft:bread":32,"minecraft:wheat_seeds":45,"minecraft:tnt":3,"minecraft:yellow_concrete":4,"enigmaticlegacy:void_stone":1,"minecraft:diamond_leggings":2,"minecraft:feather":7,"minecraft:iron_helmet":1,"minecraft:cobblestone":28,"minecraft:granite":1,"minecraft:nether_brick_wall":1,"enigmaticlegacy:magnet_ring":1,"quark:yellow_corundum":1,"apotheosis:epic_material":2,"minecraft:spruce_stairs":1,"minecraft:chainmail_helmet":3,"minecraft:coal":5,"minecraft:golden_apple":2,"minecraft:stick":5,"irons_spellbooks:scroll":2,"simplyswords:shadowsting":1,"farmersdelight:golden_knife":3,"minecraft:diorite":9,"minecraft:torch":1,"forbidden_arcanus:cherry_planks":1,"minecraft:nether_wart_block":1,"byg:soapstone":1,"forbidden_arcanus:spawner_scrap":18,"minecraft:iron_leggings":1,"minecraft:potion":1,"forbidden_arcanus:edelwood_bucket":1,"minecraft:chainmail_leggings":1,"minecraft:iron_shovel":1,"minecraft:string":40,"ars_nouveau:caster_tome":1,"enigmaticlegacy:withered_tome":2,"minecraft:redstone":41,"minecraft:nether_brick_slab":1,"alexsmobs:maggot":2,"minecraft:stone_sword":3,"minecraft:bowl":34,"minecraft:raw_iron":6,"simplyswords:diamond_sai":1,"minecraft:iron_boots":1,"minecraft:name_tag":1,"quark:yellow_corundum_cluster":1,"undead_unleashed:grave_metal_sword":2,"enigmaticlegacy:iron_ring":1,"undead_unleashed:grave_metal_boots":1,"minecraft:nether_bricks":69,"byg:palm_boat":1,"minecraft:spruce_fence":2,"minecraft:red_nether_brick_stairs":2,"minecraft:flint_and_steel":1,"enigmaticlegacy:cursed_ring":1,"minecraft:shroomlight":3,"simplyswords:iron_scythe":1,"minecraft:shield":3,"ecologics:walnut":1,"aether:iron_gloves":4,"minecraft:iron_chestplate":1,"minecraft:andesite":12,"minecraft:mossy_stone_bricks":2,"minecraft:oak_sapling":10,"easy_villagers:villager":1,"farmersdelight:minced_beef":1,"simplyswords:iron_longsword":2,"minecraft:stone_bricks":2,"minecraft:spider_eye":6,"knightquest:small_essence":9,"minecraft:slime_ball":7,"irons_spellbooks:iron_spell_book":1,"minecraft:bow":2,"minecraft:raw_gold":6,"minecraft:magma_cream":1,"twilightforest:raw_meef":2,"minecraft:nether_brick_stairs":2},"minecraft:used":{"minecraft:iron_shovel":6,"cisco_mod:adventurer_chestplate":5,"minecraft:chest":12,"lootr:trophy":1,"byg:palm_crafting_table":3,"minecraft:iron_chestplate":1,"minecraft:nether_bricks":2,"simplyswords:diamond_sai":37,"minecraft:tuff":1,"byg:palm_boat":2,"minecraft:iron_helmet":1,"immersive_armors:wooden_chestplate":1,"ars_nouveau:source_berry":9,"simplyswords:iron_scythe":207,"minecraft:bow":9,"minecraft:furnace":2,"forbidden_arcanus:cherry_planks":2,"minecraft:mossy_stone_bricks":1,"simplyswords:brimstone_claymore":304,"minecraft:oak_planks":4,"minecraft:chainmail_helmet":1,"forbidden_arcanus:edelwood_suspicious_stew_bucket":1,"minecraft:golden_apple":17,"minecraft:sand":2,"ars_nouveau:archwood_planks":76,"minecraft:crossbow":3,"simplyswords:watcher_claymore":219,"waystones:waystone":2,"farmersdelight:ratatouille":6,"minecraft:bread":29,"simplyswords:shadowsting":4,"minecraft:chainmail_boots":1,"minecraft:andesite":4,"minecraft:experience_bottle":6,"sophisticatedbackpacks:iron_backpack":2,"minecraft:enchanting_table":1,"minecraft:flint_and_steel":5,"minecraft:spruce_planks":7,"endrem:lost_eye":1,"minecraft:torch":233,"minecraft:dirt":10,"minecraft:anvil":1,"byg:palm_log":3,"minecraft:diamond_helmet":1,"enigmaticlegacy:common_potion":1,"minecraft:bookshelf":5,"simplyswords:diamond_scythe":290,"minecraft:iron_axe":310,"minecraft:cobbled_deepslate":1,"minecraft:enchanted_golden_apple":2,"sophisticatedbackpacks:gold_backpack":3,"minecraft:water_bucket":18,"minecraft:nether_brick_wall":2,"minecraft:red_nether_bricks":8,"minecraft:cracked_stone_bricks":1,"minecraft:oak_slab":2,"minecraft:crafting_table":7,"minecraft:red_bed":2,"minecraft:warped_planks":91,"minecraft:oak_log":1,"farmersdelight:bacon_and_eggs":13,"cisco_mod:adventurer_helmet":4,"minecraft:diamond_pickaxe":121,"minecraft:apple":3,"minecraft:iron_pickaxe":502,"forbidden_arcanus:cherry_boat":1,"minecraft:stone_axe":3,"immersive_armors:wooden_boots":1,"minecraft:potion":4,"minecraft:cobblestone":19,"cisco_mod:adventurer_boots":3,"minecraft:bucket":20,"byg:palm_planks":22,"immersive_armors:wooden_leggings":1,"minecraft:diamond_leggings":3,"minecraft:chainmail_leggings":1,"irons_spellbooks:inscription_table":1},"minecraft:mined":{"minecraft:dark_oak_planks":7,"minecraft:spruce_planks":14,"sophisticatedbackpacks:gold_backpack":2,"minecraft:red_nether_bricks":14,"minecraft:granite":1,"minecraft:grass_block":8,"sophisticatedbackpacks:iron_backpack":1,"minecraft:spawner":13,"minecraft:raw_iron_block":1,"forbidden_arcanus:thin_cherry_log":10,"minecraft:dark_oak_trapdoor":1,"minecraft:iron_ore":99,"minecraft:fire":8,"minecraft:deepslate_lapis_ore":3,"minecraft:nether_brick_stairs":2,"minecraft:dark_oak_stairs":2,"minecraft:oak_stairs":1,"minecraft:spruce_slab":64,"minecraft:deepslate_redstone_ore":5,"minecraft:red_bed":2,"minecraft:torch":5,"minecraft:jungle_stairs":3,"minecraft:nether_brick_slab":1,"minecraft:cobblestone":4,"minecraft:oak_planks":1,"minecraft:wall_torch":6,"byg:palm_log":64,"minecraft:nether_wart_block":64,"ars_nouveau:archwood_planks":9,"minecraft:grass":265,"minecraft:oak_log":28,"minecraft:sand":2,"minecraft:dirt":14,"minecraft:crimson_planks":1,"quark:yellow_corundum_cluster":1,"minecraft:dispenser":2,"minecraft:oak_leaves":1,"minecraft:deepslate":64,"minecraft:tuff":1,"minecraft:deepslate_diamond_ore":3,"minecraft:nether_brick_wall":1,"minecraft:nether_bricks":7,"minecraft:spruce_fence":1,"minecraft:jungle_planks":2,"iter_rpg:big_vase":3,"minecraft:cracked_nether_bricks":2,"minecraft:hay_block":11,"minecraft:redstone_ore":3,"forbidden_arcanus:deepslate_arcane_crystal_ore":4,"minecraft:furnace":1,"iter_rpg:small_vase":2,"minecraft:andesite":17,"minecraft:nether_brick_fence":24,"minecraft:bookshelf":38,"minecraft:shroomlight":2,"minecraft:deepslate_iron_ore":8,"minecraft:vine":1,"minecraft:warped_stem":31,"irons_spellbooks:inscription_table":1,"minecraft:stone":18,"minecraft:podzol":1,"minecraft:brown_carpet":9,"minecraft:crafting_table":2,"minecraft:tall_grass":51,"minecraft:deepslate_gold_ore":27,"minecraft:diorite":2,"minecraft:warped_wart_block":65,"supplementaries:urn":11,"minecraft:spruce_stairs":1,"minecraft:birch_planks":66,"ars_nouveau:blue_archwood_log":64,"forbidden_arcanus:xpetrified_ore":4,"iter_rpg:abyss_quartz":1,"minecraft:coal_ore":197,"iter_rpg:spider_egg":1,"minecraft:cyan_carpet":20,"minecraft:gravel":80,"minecraft:yellow_concrete":2,"minecraft:cobweb":26,"minecraft:brown_terracotta":1,"minecraft:cracked_stone_bricks":1,"minecraft:stone_bricks":3,"minecraft:mossy_stone_bricks":3,"minecraft:gold_ore":1},"minecraft:killed":{"minecraft:cave_spider":8,"minecraft:spider":8,"enemyexpansion:equestrian":4,"minecraft:skeleton":20,"minecraft:silverfish":2,"ars_nouveau:summon_horse":2,"alexsmobs:centipede_head":1,"irons_spellbooks:summoned_skeleton":2,"enemyexpansion:vampflyer":5,"twilightforest:minotaur":1,"minecraft:magma_cube":1,"minecraft:parrot":1,"minecraft:pig":2,"minecraft:zombie_villager":1,"iter_rpg:spiderling":2,"irons_spellbooks:necromancer":3,"minecraft:creeper":11,"alexsmobs:crimson_mosquito":1,"undead_unleashed:frenzied_knight":1,"ars_nouveau:dummy":1,"minecraft:pillager":23,"irons_spellbooks:summoned_vex":3,"minecraft:zombie":36,"undead_unleashed:shadewraith":1,"enemyexpansion:botfly":10,"alexsmobs:fly":2,"undead_unleashed:haunter":7,"minecraft:blaze":7,"irons_spellbooks:summoned_zombie":10,"minecraft:vindicator":7,"enemyexpansion:direwolf":1,"enemyexpansion:goblin_fear":1,"enemyexpansion:faller":2,"cataclysm:lionfish":1,"enemyexpansion:goblin":7,"iter_rpg:water_elemental":1,"minecraft:husk":1,"enemyexpansion:sprinter":1,"majruszsdifficulty:cursed_armor":3,"enemyexpansion:crawler":1,"enemyexpansion:huntsman":2,"iter_rpg:scallop":2,"minecraft:wither_skeleton":5},"minecraft:killed_by":{"minecraft:pillager":5,"minecraft:vindicator":14,"majruszsdifficulty:cursed_armor":1,"minecraft:player":6,"irons_spellbooks:necromancer":1,"minecraft:skeleton":2},"minecraft:custom":{"enigmaticlegacy:play_time_with_seven_curses":0,"lootr:looted_stat":233,"minecraft:interact_with_crafting_table":34,"minecraft:open_barrel":1,"goblintraders:trade_with_goblin":4,"minecraft:leave_game":6,"minecraft:time_since_death":28462,"minecraft:damage_resisted":341,"minecraft:sprint_one_cm":640943,"minecraft:drop":338,"minecraft:talked_to_villager":3,"minecraft:play_time":345689,"minecraft:deaths":32,"minecraft:jump":4581,"minecraft:walk_on_water_one_cm":17702,"minecraft:enchant_item":4,"minecraft:interact_with_furnace":10,"minecraft:sleep_in_bed":6,"minecraft:waystone_activated":2,"minecraft:damage_dealt":111084,"minecraft:crouch_one_cm":31500,"minecraft:inspect_dispenser":1,"minecraft:horse_one_cm":4618,"minecraft:interact_with_smithing_table":1,"minecraft:interact_with_anvil":5,"minecraft:mob_kills":229,"minecraft:damage_dealt_resisted":2257,"minecraft:climb_one_cm":14693,"minecraft:walk_one_cm":543052,"minecraft:damage_dealt_absorbed":800,"minecraft:target_hit":1,"minecraft:sneak_time":14293,"minecraft:walk_under_water_one_cm":24393,"minecraft:boat_one_cm":125448,"minecraft:total_world_time":345689,"enigmaticlegacy:play_time_without_seven_curses":344365,"minecraft:time_since_rest":28492,"minecraft:damage_taken":19816,"minecraft:damage_absorbed":11511,"minecraft:swim_one_cm":21814,"minecraft:fly_one_cm":568865,"minecraft:open_chest":264,"minecraft:fall_one_cm":151433},"minecraft:picked_up":{"irons_spellbooks:scroll":10,"ars_nouveau:caster_tome":5,"minecraft:iron_chestplate":1,"minecraft:nether_brick_fence":24,"minecraft:chainmail_boots":2,"minecraft:prismarine_shard":4,"undead_unleashed:cursed_cloth":2,"aether:iron_gloves":3,"minecraft:oak_stairs":2,"minecraft:potion":2,"undead_unleashed:grave_metal_chestplate":2,"forbidden_arcanus:xpetrified_orb":4,"minecraft:dark_oak_trapdoor":2,"minecraft:string":39,"apotheosis:epic_material":2,"aether:diamond_gloves":1,"minecraft:red_nether_bricks":79,"minecraft:iron_leggings":1,"minecraft:purple_banner":1,"minecraft:experience_bottle":6,"minecraft:diamond_leggings":2,"irons_spellbooks:arcane_essence":9,"alexsmobs:blood_sac":1,"minecraft:gold_nugget":2,"minecraft:cobbled_deepslate":358,"bosses_of_mass_destruction:soul_star":1,"minecraft:bucket":2,"twigs:pebble":3,"minecraft:spruce_planks":15,"undead_unleashed:grave_metal_sword":1,"minecraft:written_book":1,"nethersdelight:hoglin_sirloin":6,"minecraft:iron_pickaxe":3,"irons_spellbooks:inscription_table":1,"minecraft:furnace":1,"apotheosis:gem":26,"minecraft:torch":210,"minecraft:spruce_stairs":1,"quark:yellow_corundum_cluster":1,"minecraft:porkchop":1,"minecraft:diorite":9,"alexsmobs:centipede_leg":1,"majruszsaccessories:dream_catcher":1,"easy_villagers:villager":1,"minecraft:stone_sword":1,"minecraft:rotten_flesh":47,"supplementaries:ash":17,"minecraft:blaze_rod":5,"enigmaticlegacy:blazing_core":1,"minecraft:iron_bars":2,"minecraft:cobblestone":56,"minecraft:enchanting_table":1,"majruszsaccessories:tool_scraps":1,"minecraft:cooked_beef":40,"ecologics:walnut":1,"minecraft:leather_chestplate":2,"minecraft:feather":4,"minecraft:magma_cream":1,"minecraft:iron_door":1,"minecraft:andesite":16,"minecraft:flint":2,"minecraft:tuff":1,"minecraft:wither_skeleton_skull":7,"minecraft:lapis_lazuli":23,"minecraft:dirt":72,"irons_spellbooks:hogskin":4,"irons_spellbooks:iron_spell_book":1,"minecraft:bone":31,"minecraft:acacia_planks":1,"minecraft:bow":2,"minecraft:wheat_seeds":26,"minecraft:raw_gold":28,"iter_rpg:water_fragment":2,"minecraft:mossy_stone_bricks":3,"minecraft:oak_planks":2,"irons_spellbooks:legendary_ink":1,"minecraft:warped_wart_block":65,"minecraft:jungle_planks":66,"minecraft:sand":3,"sophisticatedbackpacks:iron_backpack":1,"minecraft:nether_brick_stairs":2,"iter_rpg:stone_geode":1,"minecraft:dispenser":2,"apotheosis:improved_scrap_tome":3,"ringsofascension:ring_strength":1,"minecraft:sugar":2,"minecraft:diamond":4,"waystones:waystone":3,"iter_rpg:abyssquartz_shard":2,"minecraft:crossbow":4,"knightquest:small_essence":13,"minecraft:granite":1,"minecraft:golden_apple":1,"minecraft:chainmail_helmet":4,"minecraft:bread":65,"minecraft:emerald":15,"alexsmobs:maggot":2,"minecraft:oak_sapling":11,"cisco_mod:brightsteel_ingot":1,"iter_rpg:spawner_fragment":8,"nethersdelight:hoglin_loin":1,"sophisticatedbackpacks:gold_backpack":4,"minecraft:crafting_table":3,"quark:white_corundum_cluster":1,"byg:soapstone":1,"cisco_mod:divine_core":2,"minecraft:brown_mushroom":2,"minecraft:gold_block":1,"enigmaticlegacy:tattered_tome":1,"minecraft:shield":1,"ars_nouveau:archwood_planks":6,"minecraft:red_bed":2,"forbidden_arcanus:thin_cherry_log":10,"minecraft:iron_axe":2,"minecraft:cracked_stone_bricks":1,"iter_rpg:coin":1,"minecraft:beef":1,"minecraft:iron_nugget":8,"minecraft:spruce_slab":64,"minecraft:sugar_cane":6,"farmersdelight:golden_knife":2,"minecraft:raw_iron":103,"minecraft:oak_door":1,"farmersdelight:minced_beef":1,"minecraft:bowl":10,"minecraft:spruce_fence":1,"ars_nouveau:blue_archwood_log":64,"minecraft:stone_button":1,"origins:orb_of_origin":1,"minecraft:carrot":1,"majruszsaccessories:adventurer_kit":2,"minecraft:redstone":41,"minecraft:prismarine_crystals":2,"twilightforest:raw_meef":2,"minecraft:dark_oak_planks":4,"quark:yellow_corundum":1,"minecraft:tnt":1,"irons_spellbooks:evocation_rune":1,"minecraft:arrow":193,"simplyswords:iron_scythe":2,"minecraft:pumpkin_pie":22,"minecraft:jungle_stairs":3,"minecraft:nether_bricks":71,"minecraft:hay_block":11,"ringsofascension:ring_night_vision":2,"irons_spellbooks:wandering_magician_helmet":1,"minecraft:gold_ingot":4,"byg:palm_log":64,"minecraft:mutton":3,"minecraft:nether_brick_wall":3,"forbidden_arcanus:spawner_scrap":28,"minecraft:rail":4,"apotheosis:sigil_of_socketing":1,"minecraft:leather":2,"minecraft:birch_planks":66,"minecraft:oak_log":28,"minecraft:chainmail_chestplate":2,"minecraft:golden_boots":1,"minecraft:nether_wart_block":1,"minecraft:gunpowder":13,"ars_elemental:water_caster_tome":2,"minecraft:red_nether_brick_stairs":1,"minecraft:stone_bricks":2,"minecraft:warped_stem":31,"minecraft:iron_ingot":2,"undead_unleashed:grave_metal_boots":1,"apotheosis:gem_dust":2,"relics:bastion_ring":1,"minecraft:dark_oak_stairs":2,"minecraft:book":114,"minecraft:oak_slab":2,"minecraft:yellow_concrete":4,"minecraft:cracked_nether_bricks":2,"minecraft:raw_iron_block":1,"minecraft:gravel":10,"enigmaticlegacy:enigmatic_amulet":2,"enigmaticlegacy:void_stone":1,"undead_unleashed:grave_metal_scrap":24,"minecraft:nether_brick_slab":1,"farmersdelight:bacon_and_eggs":3,"byg:palm_planks":96,"minecraft:spider_eye":9,"minecraft:leather_helmet":1,"forbidden_arcanus:arcane_crystal":4,"enemyexpansion:trollface":1,"minecraft:diamond_shovel":1,"minecraft:stone_axe":1,"minecraft:chainmail_leggings":3,"immersive_armors:wooden_chestplate":1,"minecraft:coal":217,"minecolonies:supplycampdeployer":3,"enigmaticlegacy:magnet_ring":1},"minecraft:broken":{"minecraft:golden_boots":1,"minecraft:iron_chestplate":1,"minecraft:iron_leggings":1,"minecraft:chainmail_boots":2,"undead_unleashed:grave_metal_chestplate":1,"immersive_armors:wooden_boots":1,"aether:iron_gloves":1,"minecraft:chainmail_helmet":1,"irons_spellbooks:wandering_magician_helmet":1,"immersive_armors:wooden_helmet":1,"minecraft:iron_pickaxe":1}},"DataVersion":3120}