{"stats":{"minecraft:killed":{"minecraft:cave_spider":8,"minecraft:spider":7,"enemyexpansion:equestrian":4,"minecraft:skeleton":9,"minecraft:silverfish":2,"alexsmobs:centipede_head":1,"irons_spellbooks:summoned_skeleton":2,"enemyexpansion:vampflyer":5,"minecraft:parrot":1,"minecraft:pig":2,"minecraft:zombie_villager":1,"iter_rpg:spiderling":2,"irons_spellbooks:necromancer":3,"minecraft:creeper":11,"undead_unleashed:frenzied_knight":1,"ars_nouveau:dummy":1,"minecraft:pillager":21,"irons_spellbooks:summoned_vex":3,"minecraft:zombie":31,"undead_unleashed:shadewraith":1,"enemyexpansion:botfly":10,"alexsmobs:fly":2,"undead_unleashed:haunter":6,"irons_spellbooks:summoned_zombie":10,"minecraft:vindicator":7,"enemyexpansion:direwolf":1,"enemyexpansion:goblin_fear":1,"enemyexpansion:faller":2,"enemyexpansion:goblin":6,"iter_rpg:water_elemental":1,"minecraft:husk":1,"majruszsdifficulty:cursed_armor":3,"enemyexpansion:crawler":1,"enemyexpansion:huntsman":2,"iter_rpg:scallop":2},"minecraft:killed_by":{"minecraft:pillager":5,"minecraft:vindicator":13,"minecraft:player":4,"irons_spellbooks:necromancer":1},"minecraft:dropped":{"minecraft:nether_brick_stairs":1,"minecraft:brown_mushroom":2,"minecraft:dark_oak_stairs":2,"minecraft:birch_planks":2,"minecolonies:supplycampdeployer":3,"minecraft:crossbow":1,"minecraft:jungle_planks":2,"undead_unleashed:grave_metal_scrap":2,"minecraft:dirt":43,"undead_unleashed:cursed_cloth":1,"enemyexpansion:trollface":1,"minecraft:stone_button":1,"immersive_armors:wooden_leggings":1,"minecraft:dark_oak_trapdoor":2,"irons_spellbooks:arcane_essence":5,"minecraft:wooden_sword":1,"minecraft:sand":1,"immersive_armors:wooden_chestplate":2,"minecraft:dark_oak_planks":4,"minecraft:bone":2,"byg:palm_planks":7,"minecraft:oak_door":1,"alexsmobs:centipede_leg":1,"minecraft:iron_nugget":1,"minecraft:cobbled_deepslate":5,"byg:palm_log":29,"minecraft:purple_banner":1,"minecraft:rotten_flesh":21,"minecraft:oak_planks":1,"enigmaticlegacy:tattered_tome":3,"iter_rpg:spawner_fragment":2,"cisco_mod:divine_core":1,"patchouli:guide_book":1,"minecraft:chainmail_chestplate":1,"iter_rpg:abyssquartz_shard":2,"minecraft:leather_chestplate":1,"supplementaries:ash":4,"minecraft:jungle_stairs":3,"apotheosis:gem":16,"minecraft:arrow":15,"minecraft:written_book":1,"minecraft:bread":23,"minecraft:wheat_seeds":25,"minecraft:tnt":1,"minecraft:yellow_concrete":4,"minecraft:feather":4,"minecraft:granite":1,"minecraft:spruce_stairs":1,"minecraft:chainmail_helmet":2,"apotheosis:epic_material":2,"minecraft:stick":3,"irons_spellbooks:scroll":2,"farmersdelight:golden_knife":1,"minecraft:torch":1,"byg:soapstone":1,"forbidden_arcanus:spawner_scrap":4,"minecraft:potion":1,"minecraft:iron_leggings":1,"forbidden_arcanus:edelwood_bucket":1,"minecraft:string":5,"ars_nouveau:caster_tome":1,"minecraft:bowl":1,"simplyswords:diamond_sai":1,"byg:palm_boat":1,"minecraft:spruce_fence":1,"enigmaticlegacy:cursed_ring":1,"simplyswords:iron_scythe":1,"ecologics:walnut":1,"aether:iron_gloves":4,"minecraft:andesite":12,"minecraft:oak_sapling":5,"minecraft:spider_eye":4,"knightquest:small_essence":2,"irons_spellbooks:iron_spell_book":1},"minecraft:broken":{"undead_unleashed:grave_metal_chestplate":1,"immersive_armors:wooden_boots":1,"immersive_armors:wooden_helmet":1,"minecraft:iron_pickaxe":1},"minecraft:crafted":{"minecraft:oak_planks":12,"ars_nouveau:archwood_planks":16,"minecraft:bow":1,"minecraft:chest":8,"byg:palm_boat":1,"byg:palm_crafting_table":3,"minecraft:crafting_table":3,"minecraft:copper_ingot":0,"byg:palm_planks":12,"minecraft:paper":6,"minecraft:stick":36,"minecraft:iron_ingot":40,"minecraft:iron_pickaxe":1,"minecraft:iron_block":3,"minecraft:raw_iron":9,"minecraft:furnace":1,"minecraft:iron_axe":1,"minecraft:wheat":99,"sophisticatedbackpacks:gold_backpack":1,"minecraft:bread":36,"minecraft:air":0,"forbidden_arcanus:cherry_planks":20,"minecraft:iron_shovel":1,"minecraft:torch":184},"minecraft:mined":{"minecraft:dark_oak_planks":5,"minecraft:spruce_planks":5,"sophisticatedbackpacks:gold_backpack":1,"minecraft:granite":1,"minecraft:grass_block":8,"minecraft:spawner":9,"minecraft:raw_iron_block":1,"minecraft:dark_oak_trapdoor":1,"forbidden_arcanus:thin_cherry_log":10,"minecraft:iron_ore":92,"minecraft:fire":1,"minecraft:deepslate_lapis_ore":2,"minecraft:nether_brick_stairs":1,"minecraft:dark_oak_stairs":2,"minecraft:oak_stairs":1,"minecraft:spruce_slab":64,"minecraft:red_bed":2,"minecraft:jungle_stairs":3,"minecraft:cobblestone":2,"minecraft:oak_planks":1,"minecraft:wall_torch":1,"byg:palm_log":64,"minecraft:grass":265,"minecraft:oak_log":28,"minecraft:sand":2,"minecraft:crimson_planks":1,"minecraft:dirt":14,"minecraft:dispenser":2,"minecraft:oak_leaves":1,"minecraft:deepslate":6,"minecraft:tuff":1,"minecraft:spruce_fence":1,"minecraft:jungle_planks":2,"iter_rpg:big_vase":2,"minecraft:hay_block":11,"minecraft:redstone_ore":3,"forbidden_arcanus:deepslate_arcane_crystal_ore":4,"minecraft:furnace":1,"iter_rpg:small_vase":2,"minecraft:andesite":17,"minecraft:deepslate_iron_ore":8,"minecraft:vine":1,"minecraft:stone":16,"minecraft:podzol":1,"minecraft:brown_carpet":9,"minecraft:crafting_table":1,"minecraft:tall_grass":51,"minecraft:deepslate_gold_ore":21,"supplementaries:urn":9,"minecraft:spruce_stairs":1,"minecraft:birch_planks":2,"ars_nouveau:blue_archwood_log":64,"forbidden_arcanus:xpetrified_ore":4,"iter_rpg:abyss_quartz":1,"iter_rpg:spider_egg":1,"minecraft:coal_ore":190,"minecraft:yellow_concrete":2,"minecraft:cobweb":26,"minecraft:gold_ore":1},"minecraft:custom":{"enigmaticlegacy:play_time_with_seven_curses":0,"lootr:looted_stat":104,"minecraft:interact_with_crafting_table":23,"minecraft:open_barrel":1,"goblintraders:trade_with_goblin":4,"minecraft:leave_game":5,"minecraft:time_since_death":29541,"minecraft:damage_resisted":0,"minecraft:sprint_one_cm":395329,"minecraft:drop":135,"minecraft:talked_to_villager":3,"minecraft:play_time":209598,"minecraft:deaths":26,"minecraft:jump":2874,"minecraft:walk_on_water_one_cm":7384,"minecraft:enchant_item":2,"minecraft:interact_with_furnace":10,"minecraft:sleep_in_bed":5,"minecraft:waystone_activated":1,"minecraft:damage_dealt":53925,"minecraft:crouch_one_cm":12481,"minecraft:inspect_dispenser":1,"minecraft:horse_one_cm":4618,"minecraft:interact_with_anvil":2,"minecraft:mob_kills":165,"minecraft:damage_dealt_resisted":851,"minecraft:climb_one_cm":7631,"minecraft:walk_one_cm":274483,"minecraft:damage_dealt_absorbed":800,"minecraft:target_hit":1,"minecraft:sneak_time":6046,"minecraft:walk_under_water_one_cm":12199,"minecraft:boat_one_cm":124833,"minecraft:total_world_time":209598,"enigmaticlegacy:play_time_without_seven_curses":208458,"minecraft:time_since_rest":20554,"minecraft:damage_absorbed":4550,"minecraft:damage_taken":12785,"minecraft:swim_one_cm":8623,"minecraft:fly_one_cm":364378,"minecraft:open_chest":157,"minecraft:fall_one_cm":108835},"minecraft:used":{"minecraft:iron_shovel":6,"cisco_mod:adventurer_chestplate":4,"minecraft:chest":8,"lootr:trophy":1,"byg:palm_crafting_table":3,"minecraft:iron_chestplate":1,"simplyswords:diamond_sai":37,"minecraft:tuff":1,"byg:palm_boat":2,"immersive_armors:wooden_chestplate":1,"simplyswords:iron_scythe":207,"minecraft:bow":9,"minecraft:furnace":2,"forbidden_arcanus:cherry_planks":2,"minecraft:oak_planks":4,"minecraft:chainmail_helmet":1,"forbidden_arcanus:edelwood_suspicious_stew_bucket":1,"minecraft:golden_apple":9,"minecraft:sand":2,"ars_nouveau:archwood_planks":6,"minecraft:crossbow":3,"waystones:waystone":1,"minecraft:bread":29,"minecraft:chainmail_boots":1,"minecraft:andesite":4,"minecraft:experience_bottle":4,"minecraft:enchanting_table":1,"minecraft:torch":91,"minecraft:dirt":10,"minecraft:anvil":1,"byg:palm_log":3,"minecraft:bookshelf":5,"simplyswords:diamond_scythe":263,"minecraft:iron_axe":154,"minecraft:cobbled_deepslate":1,"sophisticatedbackpacks:gold_backpack":1,"minecraft:water_bucket":10,"minecraft:oak_slab":2,"minecraft:crafting_table":5,"minecraft:red_bed":2,"minecraft:oak_log":1,"cisco_mod:adventurer_helmet":4,"minecraft:iron_pickaxe":394,"minecraft:stone_axe":3,"immersive_armors:wooden_boots":1,"minecraft:cobblestone":14,"cisco_mod:adventurer_boots":3,"minecraft:bucket":12,"byg:palm_planks":22,"immersive_armors:wooden_leggings":1,"minecraft:diamond_leggings":3,"minecraft:chainmail_leggings":1},"minecraft:picked_up":{"ars_nouveau:caster_tome":5,"minecraft:iron_chestplate":1,"minecraft:chainmail_boots":1,"minecraft:prismarine_shard":4,"undead_unleashed:cursed_cloth":2,"aether:iron_gloves":3,"minecraft:oak_stairs":2,"undead_unleashed:grave_metal_chestplate":1,"minecraft:dark_oak_trapdoor":2,"forbidden_arcanus:xpetrified_orb":4,"minecraft:string":34,"apotheosis:epic_material":2,"minecraft:purple_banner":1,"minecraft:experience_bottle":4,"irons_spellbooks:arcane_essence":9,"minecraft:diamond_leggings":1,"minecraft:cobbled_deepslate":6,"minecraft:bucket":2,"twigs:pebble":3,"minecraft:spruce_planks":3,"minecraft:written_book":1,"nethersdelight:hoglin_sirloin":3,"minecraft:iron_pickaxe":3,"minecraft:furnace":1,"apotheosis:gem":22,"minecraft:torch":153,"minecraft:spruce_stairs":1,"alexsmobs:centipede_leg":1,"easy_villagers:villager":1,"minecraft:rotten_flesh":26,"supplementaries:ash":4,"minecraft:iron_bars":2,"minecraft:cobblestone":25,"minecraft:enchanting_table":1,"minecraft:leather_chestplate":1,"ecologics:walnut":1,"minecraft:feather":4,"minecraft:andesite":16,"minecraft:tuff":1,"minecraft:wither_skeleton_skull":2,"minecraft:lapis_lazuli":14,"minecraft:dirt":72,"irons_spellbooks:iron_spell_book":1,"irons_spellbooks:hogskin":1,"minecraft:bone":4,"minecraft:acacia_planks":1,"minecraft:wheat_seeds":25,"minecraft:raw_gold":22,"iter_rpg:water_fragment":2,"minecraft:oak_planks":2,"irons_spellbooks:legendary_ink":1,"minecraft:jungle_planks":66,"minecraft:sand":3,"minecraft:nether_brick_stairs":1,"iter_rpg:stone_geode":1,"minecraft:dispenser":2,"waystones:waystone":3,"iter_rpg:abyssquartz_shard":2,"minecraft:crossbow":4,"knightquest:small_essence":6,"minecraft:granite":1,"minecraft:chainmail_helmet":3,"minecraft:bread":65,"minecraft:emerald":11,"alexsmobs:maggot":2,"minecraft:oak_sapling":11,"iter_rpg:spawner_fragment":3,"nethersdelight:hoglin_loin":1,"sophisticatedbackpacks:gold_backpack":3,"minecraft:crafting_table":2,"byg:soapstone":1,"cisco_mod:divine_core":2,"minecraft:brown_mushroom":2,"minecraft:gold_block":1,"enigmaticlegacy:tattered_tome":1,"minecraft:red_bed":2,"forbidden_arcanus:thin_cherry_log":10,"minecraft:iron_axe":2,"iter_rpg:coin":1,"minecraft:iron_nugget":7,"minecraft:spruce_slab":64,"minecraft:sugar_cane":6,"farmersdelight:golden_knife":2,"minecraft:raw_iron":100,"minecraft:oak_door":1,"minecraft:bowl":2,"minecraft:spruce_fence":1,"ars_nouveau:blue_archwood_log":64,"minecraft:stone_button":1,"majruszsaccessories:adventurer_kit":2,"origins:orb_of_origin":1,"minecraft:redstone":13,"minecraft:prismarine_crystals":2,"minecraft:dark_oak_planks":4,"minecraft:tnt":1,"irons_spellbooks:evocation_rune":1,"minecraft:arrow":165,"simplyswords:iron_scythe":2,"minecraft:pumpkin_pie":22,"minecraft:jungle_stairs":3,"minecraft:hay_block":11,"ringsofascension:ring_night_vision":2,"irons_spellbooks:wandering_magician_helmet":1,"byg:palm_log":64,"forbidden_arcanus:spawner_scrap":6,"minecraft:rail":4,"apotheosis:sigil_of_socketing":1,"minecraft:leather":1,"minecraft:birch_planks":2,"minecraft:oak_log":28,"minecraft:chainmail_chestplate":1,"minecraft:gunpowder":13,"ars_elemental:water_caster_tome":2,"minecraft:iron_ingot":2,"apotheosis:gem_dust":2,"minecraft:dark_oak_stairs":2,"minecraft:oak_slab":2,"minecraft:yellow_concrete":4,"minecraft:raw_iron_block":1,"minecraft:gravel":2,"enigmaticlegacy:enigmatic_amulet":2,"undead_unleashed:grave_metal_scrap":4,"byg:palm_planks":96,"minecraft:spider_eye":9,"forbidden_arcanus:arcane_crystal":4,"enemyexpansion:trollface":1,"minecraft:stone_axe":1,"minecraft:chainmail_leggings":3,"immersive_armors:wooden_chestplate":1,"minecraft:coal":206,"irons_spellbooks:scroll":9,"minecolonies:supplycampdeployer":3}},"DataVersion":3120}