{"stats":{"minecraft:used":{"minecraft:iron_chestplate":1,"minecraft:dirt":44,"minecraft:iron_helmet":1,"minecraft:golden_sword":26,"minecraft:golden_carrot":1,"minecraft:golden_axe":24,"minecraft:oak_planks":10,"farmersdelight:golden_knife":7,"minecraft:ender_pearl":1,"minecraft:crafting_table":2,"minecraft:red_bed":1,"ars_nouveau:archwood_planks":4,"bakery:strawberry":2,"minecraft:apple":11,"minecraft:bread":8,"minecraft:iron_pickaxe":8,"minecraft:oak_boat":1,"minecraft:diamond_leggings":1,"minecraft:golden_pickaxe":7},"minecraft:killed":{"irons_spellbooks:summoned_zombie":1,"minecraft:spider":2,"enemyexpansion:direwolf":2,"minecraft:phantom":1,"minecraft:skeleton":1,"irons_spellbooks:summoned_skeleton":2,"minecraft:husk":1,"minecraft:pig":1,"enemyexpansion:tarantula":1,"minecraft:iron_golem":1,"iter_rpg:spiderling":1,"irons_spellbooks:necromancer":3,"minecraft:creeper":1,"minecraft:zombie":11,"undead_unleashed:shadewraith":1,"enemyexpansion:botfly":3},"minecraft:broken":{"minecraft:golden_sword":1,"minecraft:golden_axe":1},"minecraft:crafted":{"minecraft:oak_planks":60,"ars_nouveau:archwood_planks":4,"minecraft:wheat":72,"minecraft:crafting_table":1,"minecraft:bread":25,"minecraft:oak_boat":1},"minecraft:killed_by":{"minecraft:enderman":1,"minecraft:iron_golem":1},"minecraft:custom":{"enigmaticlegacy:play_time_with_seven_curses":31887,"lootr:looted_stat":28,"minecraft:mob_kills":36,"minecraft:interact_with_crafting_table":3,"minecraft:damage_dealt_resisted":0,"minecraft:time_since_death":16104,"minecraft:climb_one_cm":2483,"minecraft:damage_resisted":0,"minecraft:sprint_one_cm":147449,"minecraft:walk_one_cm":98442,"minecraft:drop":68,"minecraft:damage_dealt_absorbed":242,"minecraft:talked_to_villager":1,"minecraft:play_time":45304,"minecraft:deaths":2,"minecraft:sneak_time":705,"minecraft:walk_under_water_one_cm":72,"minecraft:boat_one_cm":438,"minecraft:jump":866,"minecraft:walk_on_water_one_cm":2077,"minecraft:total_world_time":45304,"enigmaticlegacy:play_time_without_seven_curses":13355,"minecraft:sleep_in_bed":1,"minecraft:time_since_rest":16134,"minecraft:waystone_activated":1,"minecraft:damage_taken":1426,"minecraft:damage_absorbed":2162,"minecraft:damage_dealt":1091,"minecraft:swim_one_cm":970,"minecraft:fly_one_cm":122088,"minecraft:player_kills":3,"minecraft:crouch_one_cm":1555,"minecraft:fall_one_cm":26392},"minecraft:dropped":{"apotheosis:gem_dust":1,"minecraft:bread":24,"minecraft:wheat_seeds":1,"minecraft:golden_helmet":1,"majruszsaccessories:adventurer_kit":1,"minecraft:cobblestone":3,"minecraft:mossy_stone_brick_stairs":1,"minecraft:spruce_door":1,"undead_unleashed:grave_metal_scrap":2,"apotheosis:epic_material":1,"enigmaticlegacy:enigmatic_eye":1,"minecraft:dirt":64,"vinery:apple_log":7,"minecraft:golden_carrot":10,"minecraft:crimson_roots":1,"forbidden_arcanus:spawner_scrap":1,"delightful:acorn":1,"irons_spellbooks:arcane_essence":4,"farmersdelight:onion":2,"minecraft:phantom_membrane":2,"minecraft:iron_shovel":1,"minecraft:chainmail_leggings":1,"minecraft:string":20,"twigs:opaline_seashell":1,"twigs:twig":5,"minecraft:dandelion":4,"minecraft:moss_carpet":1,"ars_nouveau:purple_archwood_sapling":3,"ars_nouveau:archwood_planks":4,"minecraft:stone_shovel":1,"minecraft:rotten_flesh":18,"minecraft:golden_shovel":1,"minecraft:leather_chestplate":2,"minecraft:potato":48,"minecraft:gunpowder":2,"aether:chainmail_gloves":2,"byg:crocus":1,"minecraft:iron_chestplate":2,"vinery:apple_tree_sapling":2,"minecraft:andesite":1,"minecraft:mossy_stone_bricks":1,"minecraft:golden_leggings":2,"minecraft:oak_sapling":24,"minecraft:spider_eye":1,"knightquest:small_essence":2,"minecraft:slime_ball":3,"minecraft:iron_bars":1,"minecraft:arrow":11,"minecraft:netherrack":3},"minecraft:picked_up":{"irons_spellbooks:scroll":1,"minecraft:iron_chestplate":2,"minecraft:golden_pickaxe":1,"aether:iron_gloves":1,"enigmaticlegacy:enigmatic_eye":1,"minecraft:golden_sword":1,"byg:crocus":1,"ars_nouveau:archwood_planks":4,"minecraft:red_bed":3,"minecraft:string":20,"apotheosis:epic_material":1,"minecraft:moss_carpet":1,"minecraft:iron_shovel":2,"twigs:opaline_seashell":1,"irons_spellbooks:arcane_essence":4,"minecraft:diamond_leggings":1,"vinery:apple_tree_sapling":2,"delightful:acorn":1,"farmersdelight:golden_knife":1,"minecraft:phantom_membrane":2,"ars_nouveau:purple_archwood_log":42,"ars_nouveau:purple_archwood_sapling":3,"majruszsaccessories:adventurer_kit":1,"minecraft:arrow":11,"minecraft:rotten_flesh":18,"minecraft:hay_block":8,"minecraft:iron_bars":1,"forbidden_arcanus:spawner_scrap":1,"vinery:apple_log":7,"minecraft:cobblestone":3,"minecraft:leather_chestplate":2,"minecraft:golden_carrot":1,"minecraft:andesite":1,"minecraft:golden_leggings":2,"minecraft:potato":76,"minecraft:oak_log":15,"minecraft:gunpowder":2,"minecraft:dirt":128,"minecraft:bone":5,"minecraft:apple":25,"minecraft:stone_bricks":68,"minecraft:wheat_seeds":1,"minecraft:mossy_stone_bricks":1,"twigs:twig":5,"apotheosis:gem_dust":1,"minecraft:mossy_stone_brick_stairs":1,"minecraft:book":27,"bakery:strawberry":2,"minecraft:emerald_block":1,"minecraft:dandelion":4,"undead_unleashed:grave_metal_scrap":2,"minecraft:spruce_door":1,"minecraft:spider_eye":1,"minecraft:slime_ball":3,"minecraft:iron_helmet":1,"knightquest:small_essence":2,"minecraft:bread":42,"minecraft:oak_sapling":24,"minecraft:netherrack":3,"minecraft:crimson_roots":1},"minecraft:mined":{"minecraft:spawner":1,"minecraft:hay_block":8,"byg:crocus":1,"minecraft:fire":5,"minecraft:andesite":1,"minecraft:mossy_stone_brick_stairs":1,"minecraft:bookshelf":12,"minecraft:iron_bars":1,"minecraft:stone":1,"twigs:opaline_seashell":1,"ars_nouveau:purple_archwood_log":24,"minecraft:red_bed":3,"minecraft:skeleton_skull":1,"minecraft:grass":6,"minecraft:oak_log":19,"minecraft:stone_bricks":3,"minecraft:netherrack":3,"minecraft:mossy_stone_bricks":1,"minecraft:oak_leaves":7,"minecraft:emerald_block":1}},"DataVersion":3120}