{"stats":{"minecraft:killed":{"minecraft:cave_spider":8,"minecraft:spider":8,"enemyexpansion:equestrian":4,"minecraft:skeleton":20,"minecraft:silverfish":2,"ars_nouveau:summon_horse":2,"alexsmobs:centipede_head":1,"irons_spellbooks:summoned_skeleton":2,"enemyexpansion:vampflyer":5,"minecraft:magma_cube":1,"twilightforest:minotaur":1,"minecraft:parrot":1,"minecraft:pig":2,"minecraft:zombie_villager":1,"iter_rpg:spiderling":2,"irons_spellbooks:necromancer":3,"minecraft:creeper":11,"alexsmobs:crimson_mosquito":1,"undead_unleashed:frenzied_knight":1,"ars_nouveau:dummy":1,"minecraft:pillager":21,"irons_spellbooks:summoned_vex":3,"minecraft:zombie":35,"undead_unleashed:shadewraith":1,"enemyexpansion:botfly":10,"alexsmobs:fly":2,"undead_unleashed:haunter":7,"minecraft:blaze":1,"irons_spellbooks:summoned_zombie":10,"minecraft:vindicator":7,"enemyexpansion:direwolf":1,"enemyexpansion:goblin_fear":1,"enemyexpansion:faller":2,"enemyexpansion:goblin":7,"iter_rpg:water_elemental":1,"minecraft:husk":1,"enemyexpansion:sprinter":1,"majruszsdifficulty:cursed_armor":3,"enemyexpansion:crawler":1,"enemyexpansion:huntsman":2,"iter_rpg:scallop":2,"minecraft:wither_skeleton":5},"minecraft:killed_by":{"minecraft:pillager":5,"minecraft:vindicator":13,"majruszsdifficulty:cursed_armor":1,"minecraft:player":6,"irons_spellbooks:necromancer":1,"minecraft:skeleton":2},"minecraft:dropped":{"minecraft:nether_brick_stairs":2,"minecraft:porkchop":1,"minecraft:brown_mushroom":2,"minecraft:dark_oak_stairs":2,"minecraft:birch_planks":2,"minecraft:glass_bottle":5,"minecolonies:supplycampdeployer":3,"minecraft:crossbow":1,"minecraft:leather":1,"minecraft:jungle_planks":2,"cisco_mod:adventurer_leggings":1,"undead_unleashed:grave_metal_scrap":11,"minecraft:leather_helmet":1,"minecraft:emerald":1,"minecraft:flint":2,"minecraft:dirt":43,"undead_unleashed:cursed_cloth":1,"enemyexpansion:trollface":1,"minecraft:stone_button":1,"immersive_armors:wooden_leggings":1,"minecraft:mutton":3,"minecraft:dark_oak_trapdoor":2,"irons_spellbooks:arcane_essence":7,"minecraft:gold_nugget":2,"minecraft:wooden_sword":1,"minecraft:sand":1,"minecraft:sugar":2,"minecraft:iron_pickaxe":1,"immersive_armors:wooden_chestplate":2,"majruszsdifficulty:tattered_leggings":1,"minecraft:dark_oak_planks":4,"minecraft:gold_ingot":5,"minecraft:bone":10,"byg:palm_planks":7,"minecraft:oak_door":1,"minecraft:gravel":8,"alexsmobs:centipede_leg":1,"ringsofascension:ring_fire_resistance":1,"irons_spellbooks:blank_rune":1,"minecraft:iron_nugget":1,"minecraft:cobbled_deepslate":148,"byg:palm_log":29,"minecraft:purple_banner":1,"minecraft:rotten_flesh":34,"minecraft:oak_planks":1,"enigmaticlegacy:tattered_tome":6,"iter_rpg:spawner_fragment":2,"minecraft:warped_planks":29,"cisco_mod:divine_core":1,"minecraft:carrot":1,"patchouli:guide_book":1,"minecraft:chainmail_chestplate":1,"iter_rpg:abyssquartz_shard":2,"minecraft:leather_chestplate":2,"supplementaries:ash":7,"alexsmobs:blood_sac":1,"quark:white_corundum_cluster":1,"minecraft:jungle_stairs":3,"apotheosis:gem":20,"minecraft:red_nether_bricks":71,"minecraft:arrow":24,"minecraft:beef":1,"minecraft:cracked_nether_bricks":2,"minecraft:warped_wart_block":65,"minecraft:written_book":1,"minecraft:iron_ingot":4,"minecraft:bread":32,"minecraft:wheat_seeds":26,"minecraft:tnt":1,"minecraft:yellow_concrete":4,"minecraft:iron_helmet":1,"minecraft:feather":4,"minecraft:cobblestone":16,"minecraft:granite":1,"minecraft:nether_brick_wall":1,"enigmaticlegacy:magnet_ring":1,"quark:yellow_corundum":1,"minecraft:spruce_stairs":1,"minecraft:chainmail_helmet":2,"apotheosis:epic_material":2,"minecraft:golden_apple":2,"minecraft:coal":5,"minecraft:stick":5,"irons_spellbooks:scroll":2,"simplyswords:shadowsting":1,"farmersdelight:golden_knife":1,"minecraft:diorite":9,"minecraft:torch":1,"byg:soapstone":1,"forbidden_arcanus:spawner_scrap":11,"minecraft:potion":1,"minecraft:iron_leggings":1,"forbidden_arcanus:edelwood_bucket":1,"minecraft:iron_shovel":1,"minecraft:string":10,"enigmaticlegacy:withered_tome":2,"ars_nouveau:caster_tome":1,"minecraft:redstone":28,"minecraft:nether_brick_slab":1,"minecraft:stone_sword":1,"minecraft:bowl":11,"minecraft:raw_iron":5,"simplyswords:diamond_sai":1,"minecraft:iron_boots":1,"minecraft:name_tag":1,"quark:yellow_corundum_cluster":1,"enigmaticlegacy:iron_ring":1,"undead_unleashed:grave_metal_boots":1,"minecraft:nether_bricks":5,"byg:palm_boat":1,"minecraft:spruce_fence":1,"minecraft:red_nether_brick_stairs":1,"minecraft:flint_and_steel":1,"enigmaticlegacy:cursed_ring":1,"simplyswords:iron_scythe":1,"minecraft:shield":1,"ecologics:walnut":1,"aether:iron_gloves":4,"minecraft:iron_chestplate":1,"minecraft:andesite":12,"minecraft:mossy_stone_bricks":2,"minecraft:oak_sapling":5,"farmersdelight:minced_beef":1,"minecraft:stone_bricks":2,"minecraft:spider_eye":4,"knightquest:small_essence":6,"minecraft:slime_ball":7,"irons_spellbooks:iron_spell_book":1,"minecraft:bow":1,"minecraft:raw_gold":6,"minecraft:magma_cream":1,"twilightforest:raw_meef":2},"minecraft:broken":{"minecraft:golden_boots":1,"minecraft:iron_chestplate":1,"minecraft:iron_leggings":1,"minecraft:chainmail_boots":1,"undead_unleashed:grave_metal_chestplate":1,"immersive_armors:wooden_boots":1,"aether:iron_gloves":1,"minecraft:chainmail_helmet":1,"irons_spellbooks:wandering_magician_helmet":1,"immersive_armors:wooden_helmet":1,"minecraft:iron_pickaxe":1},"minecraft:crafted":{"minecraft:oak_planks":12,"ars_nouveau:archwood_planks":16,"minecraft:warped_planks":124,"minecraft:iron_boots":1,"minecraft:bow":1,"minecraft:chest":12,"byg:palm_boat":1,"byg:palm_crafting_table":3,"minecraft:crafting_table":4,"minecraft:iron_helmet":1,"minecraft:copper_ingot":0,"byg:palm_planks":12,"minecraft:iron_chestplate":2,"minecraft:paper":6,"minecraft:stick":36,"minecraft:iron_ingot":40,"minecraft:iron_pickaxe":1,"minecraft:iron_block":3,"minecraft:raw_iron":9,"minecraft:furnace":1,"minecraft:iron_axe":1,"minecraft:wheat":99,"sophisticatedbackpacks:gold_backpack":1,"minecraft:bread":36,"minecraft:air":0,"forbidden_arcanus:cherry_planks":20,"minecraft:iron_shovel":1,"minecraft:torch":220},"minecraft:mined":{"minecraft:dark_oak_planks":5,"minecraft:spruce_planks":5,"sophisticatedbackpacks:gold_backpack":1,"minecraft:red_nether_bricks":7,"minecraft:granite":1,"minecraft:grass_block":8,"minecraft:spawner":9,"minecraft:raw_iron_block":1,"minecraft:dark_oak_trapdoor":1,"forbidden_arcanus:thin_cherry_log":10,"minecraft:iron_ore":99,"minecraft:fire":2,"minecraft:deepslate_lapis_ore":3,"minecraft:nether_brick_stairs":2,"minecraft:dark_oak_stairs":2,"minecraft:oak_stairs":1,"minecraft:spruce_slab":64,"minecraft:deepslate_redstone_ore":5,"minecraft:red_bed":2,"minecraft:torch":3,"minecraft:jungle_stairs":3,"minecraft:nether_brick_slab":1,"minecraft:cobblestone":4,"minecraft:oak_planks":1,"minecraft:wall_torch":2,"byg:palm_log":64,"minecraft:nether_wart_block":64,"minecraft:grass":265,"minecraft:oak_log":28,"minecraft:sand":2,"minecraft:crimson_planks":1,"minecraft:dirt":14,"quark:yellow_corundum_cluster":1,"minecraft:dispenser":2,"minecraft:oak_leaves":1,"minecraft:deepslate":64,"minecraft:tuff":1,"minecraft:deepslate_diamond_ore":3,"minecraft:nether_brick_wall":1,"minecraft:nether_bricks":7,"minecraft:spruce_fence":1,"minecraft:jungle_planks":2,"iter_rpg:big_vase":3,"minecraft:cracked_nether_bricks":2,"minecraft:hay_block":11,"minecraft:redstone_ore":3,"forbidden_arcanus:deepslate_arcane_crystal_ore":4,"minecraft:furnace":1,"iter_rpg:small_vase":2,"minecraft:andesite":17,"minecraft:shroomlight":2,"minecraft:deepslate_iron_ore":8,"minecraft:vine":1,"minecraft:warped_stem":31,"irons_spellbooks:inscription_table":1,"minecraft:stone":18,"minecraft:podzol":1,"minecraft:brown_carpet":9,"minecraft:crafting_table":2,"minecraft:tall_grass":51,"minecraft:deepslate_gold_ore":27,"minecraft:diorite":2,"minecraft:warped_wart_block":65,"supplementaries:urn":11,"minecraft:spruce_stairs":1,"minecraft:birch_planks":2,"ars_nouveau:blue_archwood_log":64,"forbidden_arcanus:xpetrified_ore":4,"iter_rpg:abyss_quartz":1,"iter_rpg:spider_egg":1,"minecraft:coal_ore":197,"minecraft:gravel":80,"minecraft:yellow_concrete":2,"minecraft:cobweb":26,"minecraft:cracked_stone_bricks":1,"minecraft:stone_bricks":3,"minecraft:mossy_stone_bricks":3,"minecraft:gold_ore":1},"minecraft:custom":{"enigmaticlegacy:play_time_with_seven_curses":0,"lootr:looted_stat":170,"minecraft:interact_with_crafting_table":28,"minecraft:open_barrel":1,"goblintraders:trade_with_goblin":4,"minecraft:leave_game":5,"minecraft:time_since_death":6187,"minecraft:damage_resisted":247,"minecraft:sprint_one_cm":549047,"minecraft:drop":261,"minecraft:talked_to_villager":3,"minecraft:play_time":293598,"minecraft:deaths":31,"minecraft:jump":4101,"minecraft:walk_on_water_one_cm":11428,"minecraft:enchant_item":2,"minecraft:interact_with_furnace":10,"minecraft:sleep_in_bed":5,"minecraft:waystone_activated":2,"minecraft:damage_dealt":95958,"minecraft:crouch_one_cm":25485,"minecraft:inspect_dispenser":1,"minecraft:horse_one_cm":4618,"minecraft:interact_with_smithing_table":1,"minecraft:interact_with_anvil":4,"minecraft:mob_kills":221,"minecraft:damage_dealt_resisted":2257,"minecraft:climb_one_cm":8249,"minecraft:walk_one_cm":441002,"minecraft:damage_dealt_absorbed":800,"minecraft:target_hit":1,"minecraft:sneak_time":12192,"minecraft:walk_under_water_one_cm":14675,"minecraft:boat_one_cm":124833,"minecraft:total_world_time":293598,"enigmaticlegacy:play_time_without_seven_curses":292304,"minecraft:time_since_rest":6215,"minecraft:damage_absorbed":9511,"minecraft:damage_taken":17497,"minecraft:swim_one_cm":9993,"minecraft:fly_one_cm":510898,"minecraft:open_chest":198,"minecraft:fall_one_cm":143148},"minecraft:used":{"minecraft:iron_shovel":6,"cisco_mod:adventurer_chestplate":5,"minecraft:chest":12,"lootr:trophy":1,"byg:palm_crafting_table":3,"minecraft:iron_chestplate":1,"minecraft:nether_bricks":2,"simplyswords:diamond_sai":37,"minecraft:tuff":1,"byg:palm_boat":2,"minecraft:iron_helmet":1,"immersive_armors:wooden_chestplate":1,"simplyswords:iron_scythe":207,"minecraft:bow":9,"minecraft:furnace":2,"forbidden_arcanus:cherry_planks":2,"minecraft:mossy_stone_bricks":1,"simplyswords:brimstone_claymore":142,"minecraft:oak_planks":4,"minecraft:chainmail_helmet":1,"forbidden_arcanus:edelwood_suspicious_stew_bucket":1,"minecraft:golden_apple":15,"minecraft:sand":2,"ars_nouveau:archwood_planks":6,"minecraft:crossbow":3,"simplyswords:watcher_claymore":200,"waystones:waystone":2,"farmersdelight:ratatouille":6,"minecraft:bread":29,"simplyswords:shadowsting":4,"minecraft:chainmail_boots":1,"minecraft:andesite":4,"minecraft:experience_bottle":6,"minecraft:enchanting_table":1,"minecraft:flint_and_steel":1,"endrem:lost_eye":1,"minecraft:torch":203,"minecraft:dirt":10,"minecraft:anvil":1,"byg:palm_log":3,"minecraft:diamond_helmet":1,"enigmaticlegacy:common_potion":1,"minecraft:bookshelf":5,"simplyswords:diamond_scythe":290,"minecraft:iron_axe":188,"minecraft:cobbled_deepslate":1,"minecraft:enchanted_golden_apple":1,"sophisticatedbackpacks:gold_backpack":1,"minecraft:water_bucket":18,"minecraft:red_nether_bricks":1,"minecraft:cracked_stone_bricks":1,"minecraft:oak_slab":2,"minecraft:crafting_table":7,"minecraft:red_bed":2,"minecraft:warped_planks":91,"farmersdelight:bacon_and_eggs":4,"minecraft:oak_log":1,"cisco_mod:adventurer_helmet":4,"minecraft:diamond_pickaxe":83,"minecraft:apple":3,"minecraft:iron_pickaxe":502,"minecraft:stone_axe":3,"immersive_armors:wooden_boots":1,"minecraft:potion":4,"minecraft:cobblestone":19,"cisco_mod:adventurer_boots":3,"minecraft:bucket":20,"byg:palm_planks":22,"immersive_armors:wooden_leggings":1,"irons_spellbooks:inscription_table":1,"minecraft:diamond_leggings":3,"minecraft:chainmail_leggings":1},"minecraft:picked_up":{"ars_nouveau:caster_tome":5,"minecraft:iron_chestplate":1,"minecraft:chainmail_boots":2,"minecraft:prismarine_shard":4,"undead_unleashed:cursed_cloth":2,"aether:iron_gloves":3,"minecraft:oak_stairs":2,"minecraft:potion":2,"undead_unleashed:grave_metal_chestplate":2,"minecraft:dark_oak_trapdoor":2,"forbidden_arcanus:xpetrified_orb":4,"minecraft:string":39,"apotheosis:epic_material":2,"aether:diamond_gloves":1,"minecraft:red_nether_bricks":72,"minecraft:iron_leggings":1,"minecraft:purple_banner":1,"minecraft:experience_bottle":6,"alexsmobs:blood_sac":1,"irons_spellbooks:arcane_essence":9,"minecraft:diamond_leggings":1,"minecraft:gold_nugget":2,"minecraft:cobbled_deepslate":358,"bosses_of_mass_destruction:soul_star":1,"minecraft:bucket":2,"twigs:pebble":3,"minecraft:spruce_planks":3,"undead_unleashed:grave_metal_sword":1,"minecraft:written_book":1,"nethersdelight:hoglin_sirloin":3,"minecraft:iron_pickaxe":3,"irons_spellbooks:inscription_table":1,"minecraft:furnace":1,"apotheosis:gem":26,"minecraft:torch":199,"minecraft:spruce_stairs":1,"quark:yellow_corundum_cluster":1,"minecraft:porkchop":1,"minecraft:diorite":9,"alexsmobs:centipede_leg":1,"easy_villagers:villager":1,"minecraft:stone_sword":1,"minecraft:rotten_flesh":44,"supplementaries:ash":7,"enigmaticlegacy:blazing_core":1,"minecraft:iron_bars":2,"minecraft:cobblestone":46,"majruszsaccessories:tool_scraps":1,"minecraft:enchanting_table":1,"minecraft:leather_chestplate":2,"ecologics:walnut":1,"minecraft:feather":4,"minecraft:magma_cream":1,"minecraft:andesite":16,"minecraft:flint":2,"minecraft:tuff":1,"minecraft:wither_skeleton_skull":5,"minecraft:lapis_lazuli":23,"minecraft:dirt":72,"irons_spellbooks:iron_spell_book":1,"irons_spellbooks:hogskin":1,"minecraft:bone":31,"minecraft:acacia_planks":1,"minecraft:bow":2,"minecraft:wheat_seeds":26,"minecraft:raw_gold":28,"iter_rpg:water_fragment":2,"minecraft:mossy_stone_bricks":3,"minecraft:oak_planks":2,"irons_spellbooks:legendary_ink":1,"minecraft:warped_wart_block":65,"minecraft:jungle_planks":66,"minecraft:sand":3,"minecraft:nether_brick_stairs":2,"iter_rpg:stone_geode":1,"minecraft:dispenser":2,"minecraft:sugar":2,"minecraft:diamond":3,"waystones:waystone":3,"iter_rpg:abyssquartz_shard":2,"minecraft:crossbow":4,"knightquest:small_essence":12,"minecraft:granite":1,"minecraft:golden_apple":1,"minecraft:chainmail_helmet":4,"minecraft:bread":65,"minecraft:emerald":12,"alexsmobs:maggot":2,"minecraft:oak_sapling":11,"cisco_mod:brightsteel_ingot":1,"iter_rpg:spawner_fragment":3,"nethersdelight:hoglin_loin":1,"sophisticatedbackpacks:gold_backpack":3,"minecraft:crafting_table":3,"quark:white_corundum_cluster":1,"byg:soapstone":1,"cisco_mod:divine_core":2,"minecraft:brown_mushroom":2,"minecraft:gold_block":1,"enigmaticlegacy:tattered_tome":1,"minecraft:shield":1,"minecraft:red_bed":2,"forbidden_arcanus:thin_cherry_log":10,"minecraft:iron_axe":2,"minecraft:cracked_stone_bricks":1,"minecraft:beef":1,"iter_rpg:coin":1,"minecraft:iron_nugget":7,"minecraft:spruce_slab":64,"minecraft:sugar_cane":6,"farmersdelight:golden_knife":2,"minecraft:raw_iron":103,"minecraft:oak_door":1,"farmersdelight:minced_beef":1,"minecraft:bowl":9,"minecraft:spruce_fence":1,"ars_nouveau:blue_archwood_log":64,"minecraft:stone_button":1,"minecraft:carrot":1,"majruszsaccessories:adventurer_kit":2,"origins:orb_of_origin":1,"minecraft:redstone":41,"minecraft:prismarine_crystals":2,"twilightforest:raw_meef":2,"minecraft:dark_oak_planks":4,"quark:yellow_corundum":1,"minecraft:tnt":1,"irons_spellbooks:evocation_rune":1,"minecraft:arrow":187,"simplyswords:iron_scythe":2,"minecraft:pumpkin_pie":22,"minecraft:jungle_stairs":3,"minecraft:nether_bricks":71,"minecraft:hay_block":11,"ringsofascension:ring_night_vision":2,"minecraft:gold_ingot":4,"irons_spellbooks:wandering_magician_helmet":1,"byg:palm_log":64,"minecraft:nether_brick_wall":3,"minecraft:mutton":3,"forbidden_arcanus:spawner_scrap":13,"minecraft:rail":4,"apotheosis:sigil_of_socketing":1,"minecraft:leather":1,"minecraft:birch_planks":2,"minecraft:oak_log":28,"minecraft:chainmail_chestplate":2,"minecraft:golden_boots":1,"minecraft:nether_wart_block":1,"minecraft:gunpowder":13,"ars_elemental:water_caster_tome":2,"minecraft:red_nether_brick_stairs":1,"minecraft:stone_bricks":2,"minecraft:warped_stem":31,"minecraft:iron_ingot":2,"undead_unleashed:grave_metal_boots":1,"relics:bastion_ring":1,"apotheosis:gem_dust":2,"minecraft:dark_oak_stairs":2,"minecraft:oak_slab":2,"minecraft:yellow_concrete":4,"minecraft:cracked_nether_bricks":2,"minecraft:raw_iron_block":1,"minecraft:gravel":10,"enigmaticlegacy:enigmatic_amulet":2,"undead_unleashed:grave_metal_scrap":22,"minecraft:nether_brick_slab":1,"byg:palm_planks":96,"minecraft:spider_eye":9,"minecraft:leather_helmet":1,"forbidden_arcanus:arcane_crystal":4,"enemyexpansion:trollface":1,"minecraft:diamond_shovel":1,"minecraft:stone_axe":1,"minecraft:chainmail_leggings":3,"immersive_armors:wooden_chestplate":1,"minecraft:coal":217,"enigmaticlegacy:magnet_ring":1,"irons_spellbooks:scroll":9,"minecolonies:supplycampdeployer":3}},"DataVersion":3120}