{"stats":{"minecraft:used":{"minecraft:apple":1,"minecraft:golden_pickaxe":3},"minecraft:killed":{"enemyexpansion:tarantula":1,"irons_spellbooks:necromancer":1},"minecraft:crafted":{"minecraft:oak_planks":44},"minecraft:custom":{"minecraft:time_since_rest":9304,"enigmaticlegacy:play_time_with_seven_curses":0,"lootr:looted_stat":1,"minecraft:crouch_one_cm":23,"minecraft:walk_one_cm":7393,"minecraft:play_time":9304,"minecraft:sprint_one_cm":8905,"minecraft:damage_taken":98,"minecraft:damage_absorbed":10,"minecraft:sneak_time":3,"minecraft:mob_kills":2,"minecraft:jump":56,"minecraft:time_since_death":9304,"enigmaticlegacy:play_time_without_seven_curses":9304,"minecraft:total_world_time":9304,"minecraft:fall_one_cm":1853,"minecraft:fly_one_cm":3029,"minecraft:player_kills":1},"minecraft:picked_up":{"minecraft:apple":1,"irons_spellbooks:arcane_essence":2,"vinery:apple_tree_sapling":2,"delightful:acorn":1,"minecraft:oak_log":11,"minecraft:oak_sapling":2,"twigs:twig":4,"minecraft:netherrack":3,"vinery:apple_log":7,"minecraft:crimson_roots":1},"minecraft:mined":{"minecraft:oak_log":11,"minecraft:netherrack":3,"minecraft:oak_leaves":2}},"DataVersion":3120}