{"stats":{"minecraft:killed":{"minecraft:zombie":3,"undead_unleashed:shadewraith":1,"enemyexpansion:tarantula":1,"minecraft:spider":1,"irons_spellbooks:necromancer":1,"minecraft:creeper":1},"minecraft:used":{"minecraft:apple":3,"minecraft:bread":2,"minecraft:oak_planks":9,"minecraft:golden_sword":13,"minecraft:golden_carrot":1,"minecraft:red_bed":1,"ars_nouveau:archwood_planks":4,"minecraft:golden_axe":24,"minecraft:golden_pickaxe":3},"minecraft:broken":{"minecraft:golden_axe":1},"minecraft:crafted":{"minecraft:oak_planks":44,"ars_nouveau:archwood_planks":4},"minecraft:custom":{"minecraft:time_since_rest":8358,"enigmaticlegacy:play_time_with_seven_curses":7949,"lootr:looted_stat":18,"minecraft:sprint_one_cm":56465,"minecraft:damage_absorbed":173,"minecraft:damage_taken":246,"minecraft:walk_one_cm":32345,"minecraft:mob_kills":8,"minecraft:drop":19,"minecraft:damage_dealt":537,"enigmaticlegacy:play_time_without_seven_curses":13355,"minecraft:fly_one_cm":46271,"minecraft:player_kills":1,"minecraft:crouch_one_cm":235,"minecraft:play_time":21304,"minecraft:sneak_time":86,"minecraft:jump":309,"minecraft:damage_dealt_resisted":0,"minecraft:time_since_death":21304,"minecraft:sleep_in_bed":1,"minecraft:total_world_time":21304,"minecraft:fall_one_cm":10258},"minecraft:dropped":{"enigmaticlegacy:enigmatic_eye":1,"vinery:apple_log":7,"minecraft:potato":48,"minecraft:golden_carrot":10,"aether:chainmail_gloves":1,"ars_nouveau:purple_archwood_sapling":3,"vinery:apple_tree_sapling":2,"minecraft:crimson_roots":1,"minecraft:golden_leggings":2,"minecraft:oak_sapling":2,"delightful:acorn":1,"irons_spellbooks:arcane_essence":2,"farmersdelight:onion":2,"twigs:twig":4,"minecraft:netherrack":3},"minecraft:picked_up":{"minecraft:book":9,"ars_nouveau:purple_archwood_log":24,"minecraft:golden_carrot":1,"minecraft:golden_leggings":2,"minecraft:potato":76,"ars_nouveau:purple_archwood_sapling":3,"minecraft:oak_log":11,"enigmaticlegacy:enigmatic_eye":1,"minecraft:gunpowder":2,"minecraft:red_bed":3,"minecraft:bone":3,"minecraft:rotten_flesh":3,"minecraft:apple":25,"irons_spellbooks:arcane_essence":2,"vinery:apple_tree_sapling":2,"delightful:acorn":1,"minecraft:bread":19,"minecraft:oak_sapling":2,"twigs:twig":4,"minecraft:netherrack":3,"vinery:apple_log":7,"minecraft:crimson_roots":1},"minecraft:mined":{"minecraft:red_bed":3,"minecraft:grass":2,"minecraft:bookshelf":6,"minecraft:oak_log":11,"minecraft:netherrack":3,"minecraft:oak_leaves":2,"ars_nouveau:purple_archwood_log":24}},"DataVersion":3120}