{"stats":{"minecraft:dropped":{"minecraft:bread":83,"minecraft:short_grass":2,"minecraft:wheat_seeds":129,"minecraft:iron_leggings":1,"minecraft:armadillo_scute":1,"minecraft:iron_pickaxe":1,"minecraft:dandelion":1,"minecraft:stone_axe":1,"minecraft:stone_sword":1,"minecraft:raw_copper":12,"minecraft:carrot":2183,"minecraft:poppy":1,"minecraft:iron_chestplate":1,"minecraft:melon_seeds":8,"minecraft:oak_sapling":1,"minecraft:acacia_sapling":1,"minecraft:spruce_slab":1,"minecraft:wooden_pickaxe":2,"minecraft:stone_pickaxe":1},"minecraft:killed_by":{"minecraft:skeleton":2,"minecraft:zombie":1},"minecraft:broken":{"minecraft:wooden_hoe":2,"minecraft:stone_shovel":1},"minecraft:crafted":{"minecraft:oak_planks":8,"minecraft:stone_shovel":1,"minecraft:birch_boat":2,"minecraft:furnace":2,"minecraft:cooked_mutton":6,"minecraft:stone_pickaxe":2,"minecraft:chest":3,"minecraft:wheat":369,"minecraft:crafting_table":8,"minecraft:acacia_slab":24,"minecraft:wooden_pickaxe":1,"minecraft:acacia_trapdoor":6,"minecraft:birch_planks":64,"minecraft:stone_axe":3,"minecraft:bread":137,"minecraft:air":0,"minecraft:iron_chestplate":1,"minecraft:wooden_hoe":3,"minecraft:stick":44,"minecraft:iron_pickaxe":2,"minecraft:wooden_axe":1,"minecraft:stone_sword":2,"minecraft:iron_shovel":1,"minecraft:iron_leggings":1,"minecraft:white_bed":1,"minecraft:composter":2,"minecraft:acacia_planks":216,"minecraft:torch":36,"minecraft:shears":1},"minecraft:picked_up":{"minecraft:iron_chestplate":1,"minecraft:crafting_table":7,"minecraft:wheat":37,"minecraft:leather_leggings":3,"minecraft:wooden_pickaxe":1,"minecraft:red_bed":2,"minecraft:raw_copper":12,"minecraft:acacia_door":1,"minecraft:iron_leggings":1,"minecraft:iron_shovel":1,"minecraft:cobbled_deepslate":1,"minecraft:oak_boat":1,"minecraft:spruce_slab":1,"minecraft:poppy":12,"minecraft:iron_pickaxe":3,"minecraft:melon_slice":1,"minecraft:sugar_cane":5,"minecraft:furnace":1,"minecraft:raw_iron":77,"minecraft:acacia_fence":8,"minecraft:composter":3,"minecraft:torch":55,"minecraft:acacia_log":57,"minecraft:porkchop":15,"minecraft:carrot":519,"minecraft:redstone":4,"minecraft:orange_bed":9,"minecraft:stone_sword":2,"minecraft:hay_block":41,"minecraft:armadillo_scute":1,"minecraft:mutton":7,"minecraft:cobblestone":47,"minecraft:white_wool":7,"minecraft:birch_log":19,"minecraft:birch_slab":1,"minecraft:water_bucket":2,"minecraft:acacia_wood":17,"minecraft:birch_planks":3,"minecraft:oak_log":15,"minecraft:dirt":356,"minecraft:cooked_mutton":7,"minecraft:acacia_planks":185,"minecraft:apple":1,"minecraft:wheat_seeds":224,"minecraft:bell":1,"minecraft:iron_ingot":20,"minecraft:acacia_sapling":2,"minecraft:birch_boat":6,"minecraft:dandelion":1,"minecraft:white_bed":2,"minecraft:stone_axe":1,"minecraft:short_grass":2,"minecraft:bread":306,"minecraft:oak_sapling":1,"minecraft:melon_seeds":10,"minecraft:coal":69},"minecraft:used":{"minecraft:iron_shovel":232,"minecraft:stone_sword":78,"minecraft:acacia_log":3,"minecraft:stone_shovel":136,"minecraft:chest":3,"minecraft:orange_bed":17,"minecraft:torch":21,"minecraft:dirt":169,"minecraft:carrot":80,"minecraft:glass":231,"minecraft:wooden_axe":1,"minecraft:villager_spawn_egg":2,"minecraft:grass_block":8,"minecraft:acacia_slab":1,"minecraft:furnace":3,"minecraft:acacia_planks":103,"minecraft:cooked_mutton":4,"minecraft:water_bucket":9,"minecraft:leather_leggings":2,"minecraft:birch_planks":3,"minecraft:acacia_trapdoor":3,"minecraft:stone_pickaxe":41,"minecraft:wooden_pickaxe":3,"minecraft:birch_boat":5,"minecraft:composter":4,"minecraft:white_wool":3,"minecraft:crafting_table":9,"minecraft:red_bed":2,"minecraft:white_bed":3,"minecraft:shears":1,"minecraft:wooden_hoe":132,"minecraft:apple":1,"minecraft:bread":5,"minecraft:iron_pickaxe":8,"minecraft:netherite_axe":10,"minecraft:stone_axe":86,"minecraft:cobblestone":4,"minecraft:bucket":8,"minecraft:bone_meal":194},"minecraft:custom":{"minecraft:mob_kills":24,"minecraft:interact_with_crafting_table":34,"minecraft:bell_ring":28,"minecraft:leave_game":1,"minecraft:time_since_death":53291,"minecraft:sprint_one_cm":151590,"minecraft:walk_one_cm":184218,"minecraft:drop":58,"minecraft:talked_to_villager":1,"minecraft:play_time":114463,"minecraft:deaths":4,"minecraft:sneak_time":6021,"minecraft:walk_under_water_one_cm":3340,"minecraft:boat_one_cm":110824,"minecraft:jump":1415,"minecraft:walk_on_water_one_cm":10135,"minecraft:total_world_time":114463,"minecraft:interact_with_furnace":10,"minecraft:sleep_in_bed":7,"minecraft:time_since_rest":4997,"minecraft:damage_taken":1340,"minecraft:damage_dealt":9523,"minecraft:swim_one_cm":510,"minecraft:fly_one_cm":454673,"minecraft:open_chest":29,"minecraft:crouch_one_cm":25425,"minecraft:fall_one_cm":39960},"minecraft:killed":{"minecraft:pig":8,"minecraft:iron_golem":8,"minecraft:sheep":4,"minecraft:villager":1},"minecraft:mined":{"minecraft:white_bed":2,"minecraft:attached_melon_stem":1,"minecraft:farmland":8,"minecraft:acacia_log":2,"minecraft:grass_block":201,"minecraft:composter":3,"minecraft:hay_block":42,"minecraft:furnace":1,"minecraft:iron_ore":4,"minecraft:acacia_wood":18,"minecraft:dirt_path":45,"minecraft:stone":40,"minecraft:white_wool":3,"minecraft:spruce_slab":1,"minecraft:orange_bed":9,"minecraft:acacia_leaves":2,"minecraft:red_bed":2,"minecraft:melon_stem":8,"minecraft:crafting_table":3,"minecraft:torch":1,"minecraft:short_grass":65,"minecraft:poppy":1,"minecraft:tall_grass":9,"minecraft:copper_ore":1,"minecraft:sugar_cane":3,"minecraft:birch_planks":3,"minecraft:acacia_sapling":1,"minecraft:birch_log":3,"minecraft:wheat":172,"minecraft:coal_ore":2,"minecraft:acacia_fence":8,"minecraft:acacia_door":1,"minecraft:dirt":110,"minecraft:acacia_planks":12,"minecraft:oak_leaves":1}},"DataVersion":3955}