{"stats":{"minecraft:picked_up":{"minecraft:shulker_shell":16,"minecraft:ender_chest":3,"minecraft:diamond_sword":1,"minecraft:brewing_stand":4,"minecraft:string":46,"minecraft:raw_copper":67,"minecraft:soul_soil":1,"minecraft:diamond_leggings":1,"minecraft:gold_nugget":57,"minecraft:cobbled_deepslate":144,"minecraft:bucket":1,"minecraft:spruce_planks":1215,"minecraft:rose_bush":2,"minecraft:furnace":5,"minecraft:golden_helmet":2,"minecraft:tipped_arrow":5,"minecraft:stick":1157,"minecraft:composter":9,"minecraft:big_dripleaf":2,"minecraft:oak_fence":19,"minecraft:torch":35,"minecraft:porkchop":11,"minecraft:diorite":43,"minecraft:stone_sword":1,"minecraft:rotten_flesh":25,"minecraft:tropical_fish":1,"minecraft:obsidian":30,"minecraft:cobblestone":459,"minecraft:birch_log":9,"minecraft:iron_door":9,"minecraft:water_bucket":1,"minecraft:andesite":32,"minecraft:potato":1,"minecraft:flint":4,"minecraft:tuff":2,"minecraft:lapis_lazuli":325,"minecraft:dirt":377,"minecraft:leather_boots":1,"minecraft:glass":30,"minecraft:bone":21,"minecraft:bow":4,"minecraft:wheat_seeds":7,"minecraft:raw_gold":55,"minecraft:bell":3,"minecraft:grindstone":2,"minecraft:diamond_helmet":1,"minecraft:fletching_table":1,"minecraft:mossy_stone_bricks":6,"minecraft:glowstone_dust":1,"minecraft:moss_block":4,"minecraft:oak_planks":40,"minecraft:stone_hoe":2,"minecraft:music_disc_13":1,"minecraft:sand":734,"minecraft:ink_sac":2,"minecraft:grass_block":3,"minecraft:red_terracotta":1,"minecraft:mossy_cobblestone":2,"minecraft:blue_terracotta":1,"minecraft:sugar":3,"minecraft:diamond":36,"minecraft:spruce_boat":9,"minecraft:lever":5,"minecraft:granite":15,"minecraft:bone_meal":86,"minecraft:spruce_button":64,"minecraft:emerald":1,"minecraft:oak_sapling":2,"minecraft:netherrack":165,"minecraft:diamond_pickaxe":1,"minecraft:crafting_table":15,"minecraft:purpur_block":2,"minecraft:oak_trapdoor":13,"minecraft:elytra":3,"minecraft:flint_and_steel":1,"minecraft:cracked_stone_bricks":5,"minecraft:poppy":2,"minecraft:lectern":63,"minecraft:spruce_slab":72,"minecraft:minecart":10,"minecraft:blue_shulker_box":5,"minecraft:sugar_cane":267,"minecraft:chest":1,"minecraft:spruce_trapdoor":6,"minecraft:raw_iron":122,"minecraft:end_stone":171,"minecraft:bowl":6,"minecraft:carrot":1524,"minecraft:redstone":669,"minecraft:red_shulker_box":2,"minecraft:arrow":153,"minecraft:diamond_chestplate":1,"minecraft:diamond_boots":1,"minecraft:hay_block":30,"minecraft:purpur_slab":2,"minecraft:mutton":14,"minecraft:white_wool":11,"minecraft:rail":178,"minecraft:bone_block":129,"minecraft:oxeye_daisy":1,"minecraft:basalt":9,"minecraft:golden_carrot":69,"minecraft:glow_ink_sac":6,"minecraft:tripwire_hook":9,"minecraft:salmon":3,"minecraft:purpur_stairs":1,"minecraft:oak_log":3,"minecraft:yellow_bed":3,"minecraft:gunpowder":9,"minecraft:cooked_mutton":1,"minecraft:stone_bricks":4,"minecraft:oak_fence_gate":3,"minecraft:stone_pickaxe":1,"minecraft:iron_sword":2,"minecraft:book":6,"minecraft:sweet_berries":4,"minecraft:lime_concrete":3,"minecraft:quartz":51,"minecraft:dandelion":2,"minecraft:gravel":84,"minecraft:spruce_sapling":718,"minecraft:white_bed":6,"minecraft:spruce_log":8577,"minecraft:spruce_door":2,"minecraft:spider_eye":2,"minecraft:firework_rocket":57,"minecraft:stone_axe":3,"minecraft:diamond_axe":1,"minecraft:coal":459,"minecraft:ender_pearl":2070},"minecraft:killed":{"minecraft:witch":1,"minecraft:spider":8,"minecraft:shulker":31,"minecraft:skeleton":30,"minecraft:pig":4,"minecraft:zombie_villager":1,"minecraft:salmon":1,"minecraft:ender_dragon":1,"minecraft:creeper":7,"minecraft:sheep":8,"minecraft:zombie":46,"minecraft:glow_squid":1,"minecraft:horse":1,"minecraft:bat":1,"minecraft:squid":1,"minecraft:enderman":5679},"minecraft:mined":{"minecraft:dragon_wall_head":1,"minecraft:spruce_planks":480,"minecraft:red_shulker_box":2,"minecraft:white_bed":4,"minecraft:farmland":116,"minecraft:brewing_stand":4,"minecraft:obsidian":14,"minecraft:spruce_trapdoor":6,"minecraft:granite":15,"minecraft:grass_block":18,"minecraft:soul_soil":1,"minecraft:purpur_slab":2,"minecraft:mud_bricks":1,"minecraft:composter":9,"minecraft:oxeye_daisy":1,"minecraft:spawner":1,"minecraft:fire":4,"minecraft:iron_ore":11,"minecraft:cobbled_deepslate":2,"minecraft:fletching_table":1,"minecraft:deepslate_lapis_ore":8,"minecraft:dirt_path":136,"minecraft:spruce_slab":64,"minecraft:tripwire":27,"minecraft:deepslate_redstone_ore":33,"minecraft:soul_fire":3,"minecraft:purpur_stairs":1,"minecraft:torch":13,"minecraft:poppy":2,"minecraft:nether_quartz_ore":1,"minecraft:glass":43,"minecraft:cobblestone":84,"minecraft:grindstone":2,"minecraft:sugar_cane":163,"minecraft:oak_planks":4,"minecraft:iron_door":2,"minecraft:wall_torch":5,"minecraft:blue_terracotta":1,"minecraft:purpur_block":3,"minecraft:oak_fence_gate":3,"minecraft:sand":206,"minecraft:dirt":68,"minecraft:blue_shulker_box":4,"minecraft:tripwire_hook":3,"minecraft:netherrack":173,"minecraft:oak_leaves":1,"minecraft:deepslate":137,"minecraft:suspicious_gravel":1,"minecraft:nether_gold_ore":2,"minecraft:tuff":4,"minecraft:mossy_cobblestone":2,"minecraft:deepslate_diamond_ore":18,"minecraft:end_stone":160,"minecraft:lever":2,"minecraft:spruce_leaves":183,"minecraft:large_fern":3,"minecraft:hay_block":15,"minecraft:oak_trapdoor":14,"minecraft:spruce_sapling":46,"minecraft:furnace":4,"minecraft:carrots":252,"minecraft:andesite":31,"minecraft:bell":1,"minecraft:bookshelf":2,"minecraft:rail":152,"minecraft:deepslate_iron_ore":28,"minecraft:stone":193,"minecraft:bone_block":130,"minecraft:ender_chest":5,"minecraft:podzol":26,"minecraft:basalt":9,"minecraft:spruce_door":1,"minecraft:oak_fence":17,"minecraft:crafting_table":14,"minecraft:short_grass":35,"minecraft:emerald_ore":1,"minecraft:rose_bush":2,"minecraft:lectern":63,"minecraft:tall_grass":2,"minecraft:lapis_ore":1,"minecraft:deepslate_gold_ore":18,"minecraft:diorite":42,"minecraft:red_terracotta":3,"minecraft:spruce_log":14,"minecraft:coal_ore":25,"minecraft:gravel":41,"minecraft:cracked_stone_bricks":2,"minecraft:stone_bricks":2,"minecraft:mossy_stone_bricks":3},"minecraft:custom":{"minecraft:interact_with_crafting_table":101,"minecraft:open_shulker_box":94,"minecraft:bell_ring":10,"minecraft:leave_game":8,"minecraft:time_since_death":218787,"minecraft:sprint_one_cm":1365014,"minecraft:damage_blocked_by_shield":277,"minecraft:drop":300,"minecraft:talked_to_villager":379,"minecraft:play_time":564827,"minecraft:deaths":2,"minecraft:jump":7596,"minecraft:interact_with_brewingstand":2,"minecraft:walk_on_water_one_cm":57597,"minecraft:enchant_item":26,"minecraft:interact_with_furnace":98,"minecraft:traded_with_villager":1250,"minecraft:sleep_in_bed":18,"minecraft:open_enderchest":6,"minecraft:damage_dealt":81639,"minecraft:crouch_one_cm":71770,"minecraft:mob_kills":5826,"minecraft:interact_with_anvil":19,"minecraft:climb_one_cm":2608,"minecraft:walk_one_cm":1163994,"minecraft:sneak_time":16518,"minecraft:walk_under_water_one_cm":30787,"minecraft:boat_one_cm":161040,"minecraft:total_world_time":564827,"minecraft:interact_with_grindstone":28,"minecraft:time_since_rest":1266,"minecraft:damage_taken":7801,"minecraft:swim_one_cm":83666,"minecraft:fly_one_cm":1482152,"minecraft:open_chest":682,"minecraft:aviate_one_cm":1785730,"minecraft:fall_one_cm":179583},"minecraft:used":{"minecraft:iron_shovel":373,"minecraft:spruce_slab":71,"minecraft:diamond_hoe":165,"minecraft:elytra":5,"minecraft:shield":8,"minecraft:iron_sword":209,"minecraft:bell":2,"minecraft:carrot":356,"minecraft:axolotl_bucket":6,"minecraft:obsidian":10,"minecraft:spruce_boat":11,"minecraft:glass":247,"minecraft:lava_bucket":8,"minecraft:stone_bricks":3,"minecraft:bow":100,"minecraft:blue_shulker_box":7,"minecraft:furnace":10,"minecraft:mossy_stone_bricks":1,"minecraft:diorite":35,"minecraft:diamond_boots":1,"minecraft:spruce_door":6,"minecraft:stone_pickaxe":242,"minecraft:oak_planks":3,"minecraft:ender_pearl":7,"minecraft:wooden_pickaxe":15,"minecraft:composter":10,"minecraft:diamond_axe":596,"minecraft:sugar_cane":76,"minecraft:sand":5,"minecraft:shears":19,"minecraft:end_stone":109,"minecraft:lever":4,"minecraft:firework_rocket":66,"minecraft:bread":25,"minecraft:string":41,"minecraft:lectern":64,"minecraft:red_terracotta":1,"minecraft:gravel":36,"minecraft:golden_helmet":1,"minecraft:diamond_sword":1297,"minecraft:grindstone":3,"minecraft:andesite":17,"minecraft:bone_meal":692,"minecraft:oak_fence":2,"minecraft:oak_trapdoor":14,"minecraft:purpur_block":2,"minecraft:enchanting_table":1,"minecraft:stone_sword":110,"minecraft:flint_and_steel":4,"minecraft:stone_shovel":148,"minecraft:spruce_planks":531,"minecraft:ender_chest":3,"minecraft:stone_hoe":42,"minecraft:netherrack":155,"minecraft:torch":210,"minecraft:brewing_stand":3,"minecraft:dirt":357,"minecraft:anvil":1,"minecraft:diamond_helmet":2,"minecraft:granite":15,"minecraft:red_shulker_box":3,"minecraft:wooden_axe":6,"minecraft:bookshelf":13,"minecraft:diamond_chestplate":4,"minecraft:tripwire_hook":9,"minecraft:basalt":9,"minecraft:golden_carrot":80,"minecraft:lime_concrete":3,"minecraft:soul_soil":1,"minecraft:minecart":11,"minecraft:cobbled_deepslate":87,"minecraft:cooked_mutton":10,"minecraft:water_bucket":60,"minecraft:fletching_table":3,"minecraft:rail":127,"minecraft:crafting_table":22,"minecraft:white_bed":7,"minecraft:spruce_log":2,"minecraft:diamond_pickaxe":587,"minecraft:diamond_shovel":41,"minecraft:iron_pickaxe":567,"minecraft:purpur_slab":1,"minecraft:spruce_trapdoor":6,"minecraft:spruce_sapling":623,"minecraft:stone_axe":156,"minecraft:cobblestone":106,"minecraft:cooked_porkchop":5,"minecraft:bucket":75,"minecraft:yellow_bed":3},"minecraft:crafted":{"minecraft:grindstone":1,"minecraft:smooth_stone":6,"minecraft:stone":3,"minecraft:lever":1,"minecraft:bookshelf":14,"minecraft:shulker_box":8,"minecraft:cooked_mutton":11,"minecraft:glass":227,"minecraft:diamond_helmet":1,"minecraft:diamond_leggings":1,"minecraft:bow":1,"minecraft:tipped_arrow":5,"minecraft:chest":9,"minecraft:rail":48,"minecraft:stone_hoe":1,"minecraft:ender_eye":2,"minecraft:name_tag":1,"minecraft:arrow":80,"minecraft:emerald":1748,"minecraft:cooked_porkchop":5,"minecraft:diamond_axe":7,"minecraft:crafting_table":75,"minecraft:spruce_planks":29993,"minecraft:wooden_pickaxe":2,"minecraft:spruce_door":60,"minecraft:fletching_table":2,"minecraft:birch_planks":28,"minecraft:spruce_trapdoor":4,"minecraft:lectern":1,"minecraft:paper":63,"minecraft:diamond_pickaxe":3,"minecraft:shield":1,"minecraft:stick":58659,"minecraft:stone_slab":6,"minecraft:iron_ingot":152,"minecraft:iron_pickaxe":3,"minecraft:iron_block":3,"minecraft:stone_sword":1,"minecraft:gold_ingot":60,"minecraft:composter":1,"minecraft:shears":1,"minecraft:golden_carrot":108,"minecraft:redstone":24,"minecraft:stone_shovel":1,"minecraft:tripwire_hook":2,"minecraft:iron_nugget":126,"minecraft:furnace":5,"minecraft:bone_meal":1248,"minecraft:blue_shulker_box":4,"minecraft:oak_trapdoor":2,"minecraft:iron_axe":10,"minecraft:spruce_wood":48,"minecraft:spruce_slab":174,"minecraft:red_shulker_box":4,"minecraft:ender_pearl":12,"minecraft:stone_pickaxe":4,"minecraft:diamond_boots":1,"minecraft:spruce_boat":5,"minecraft:redstone_block":72,"minecraft:golden_helmet":1,"minecraft:minecart":2,"minecraft:wheat":135,"minecraft:red_dye":4,"minecraft:diamond_sword":1,"minecraft:enchanting_table":1,"minecraft:iron_sword":1,"minecraft:bell":4,"minecraft:bucket":2,"minecraft:stone_axe":12,"minecraft:glowstone":5,"minecraft:enchanted_book":14,"minecraft:bread":45,"minecraft:air":0,"minecraft:blue_dye":4,"minecraft:wooden_axe":1,"minecraft:iron_shovel":2,"minecraft:anvil":1,"minecraft:white_bed":1,"minecraft:torch":220,"minecraft:lapis_lazuli":39,"minecraft:lapis_block":29,"minecraft:diamond_chestplate":1,"minecraft:firework_rocket":60,"minecraft:ender_chest":2},"minecraft:dropped":{"minecraft:blue_shulker_box":1,"minecraft:iron_sword":3,"minecraft:moss_block":4,"minecraft:oak_log":3,"minecraft:ender_pearl":2136,"minecraft:crafting_table":1,"minecraft:cracked_stone_bricks":5,"minecraft:elytra":1,"minecraft:rail":28,"minecraft:red_shulker_box":2,"minecraft:dirt":1,"minecraft:bone_meal":277,"minecraft:birch_log":2,"minecraft:white_wool":5,"minecraft:gravel":4,"minecraft:stone_axe":2,"minecraft:lever":1,"minecraft:rotten_flesh":13,"minecraft:end_stone":5,"minecraft:cooked_mutton":1,"minecraft:salmon":3,"minecraft:carrot":1168,"minecraft:poppy":2,"minecraft:oak_fence_gate":3,"minecraft:chest":1,"minecraft:spruce_slab":5,"minecraft:arrow":77,"minecraft:firework_rocket":16,"minecraft:bread":21,"minecraft:stone_hoe":1,"minecraft:wheat_seeds":4,"minecraft:golden_helmet":2,"minecraft:mossy_cobblestone":2,"minecraft:oak_fence":15,"minecraft:cobblestone":36,"minecraft:spruce_button":64,"minecraft:spruce_door":56,"minecraft:tropical_fish":1,"minecraft:stick":46,"minecraft:diorite":6,"minecraft:wooden_axe":1,"minecraft:iron_door":9,"minecraft:iron_axe":8,"minecraft:iron_shovel":1,"minecraft:string":1,"minecraft:spruce_sapling":6,"minecraft:dandelion":2,"minecraft:redstone":3,"minecraft:blue_terracotta":1,"minecraft:raw_copper":9,"minecraft:tuff":2,"minecraft:stone_shovel":1,"minecraft:flint_and_steel":1,"minecraft:big_dripleaf":2,"minecraft:spruce_trapdoor":1,"minecraft:spruce_planks":888,"minecraft:diamond_pickaxe":1,"minecraft:andesite":15,"minecraft:mossy_stone_bricks":5,"minecraft:spider_eye":1,"minecraft:spruce_log":448,"minecraft:bow":1,"minecraft:wooden_pickaxe":2,"minecraft:bell":2},"minecraft:broken":{"minecraft:iron_shovel":1,"minecraft:stone_pickaxe":2,"minecraft:stone_axe":1,"minecraft:stone_sword":1,"minecraft:leather_boots":1,"minecraft:iron_pickaxe":2}},"DataVersion":3953}