{"stats":{"minecraft:dropped":{"minecraft:bread":19,"minecraft:stone_axe":1,"minecraft:short_grass":2,"minecraft:wheat_seeds":128,"minecraft:stone_sword":1,"minecraft:raw_copper":12,"minecraft:melon_seeds":8,"minecraft:acacia_sapling":1,"minecraft:oak_sapling":1,"minecraft:spruce_slab":1,"minecraft:wooden_pickaxe":2,"minecraft:stone_pickaxe":1,"minecraft:dandelion":1},"minecraft:killed_by":{"minecraft:zombie":1},"minecraft:broken":{"minecraft:wooden_hoe":2,"minecraft:stone_shovel":1},"minecraft:crafted":{"minecraft:oak_planks":8,"minecraft:stone_shovel":1,"minecraft:crafting_table":7,"minecraft:acacia_slab":24,"minecraft:wooden_pickaxe":1,"minecraft:birch_boat":2,"minecraft:furnace":2,"minecraft:birch_planks":64,"minecraft:stone_axe":3,"minecraft:bread":36,"minecraft:cooked_mutton":6,"minecraft:air":0,"minecraft:wooden_hoe":3,"minecraft:stick":32,"minecraft:stone_pickaxe":2,"minecraft:wooden_axe":1,"minecraft:stone_sword":2,"minecraft:iron_shovel":1,"minecraft:chest":3,"minecraft:white_bed":1,"minecraft:composter":2,"minecraft:acacia_planks":216,"minecraft:torch":4,"minecraft:shears":1,"minecraft:wheat":108},"minecraft:picked_up":{"minecraft:birch_log":19,"minecraft:crafting_table":2,"minecraft:wheat":37,"minecraft:wooden_pickaxe":1,"minecraft:acacia_wood":17,"minecraft:birch_planks":3,"minecraft:oak_log":15,"minecraft:dirt":329,"minecraft:red_bed":2,"minecraft:raw_copper":12,"minecraft:acacia_door":1,"minecraft:cooked_mutton":1,"minecraft:acacia_planks":8,"minecraft:apple":1,"minecraft:wheat_seeds":223,"minecraft:iron_ingot":20,"minecraft:oak_boat":1,"minecraft:poppy":11,"minecraft:spruce_slab":1,"minecraft:sugar_cane":5,"minecraft:acacia_sapling":2,"minecraft:furnace":1,"minecraft:acacia_fence":8,"minecraft:birch_boat":4,"minecraft:composter":3,"minecraft:dandelion":1,"minecraft:torch":5,"minecraft:acacia_log":57,"minecraft:porkchop":15,"minecraft:white_bed":2,"minecraft:orange_bed":8,"minecraft:short_grass":2,"minecraft:hay_block":41,"minecraft:melon_seeds":10,"minecraft:oak_sapling":1,"minecraft:mutton":7,"minecraft:coal":7,"minecraft:white_wool":7,"minecraft:cobblestone":38},"minecraft:used":{"minecraft:cooked_mutton":4,"minecraft:water_bucket":1,"minecraft:leather_leggings":1,"minecraft:stone_sword":77,"minecraft:iron_shovel":211,"minecraft:acacia_log":3,"minecraft:birch_planks":3,"minecraft:stone_shovel":136,"minecraft:stone_pickaxe":41,"minecraft:chest":3,"minecraft:wooden_pickaxe":3,"minecraft:birch_boat":5,"minecraft:composter":4,"minecraft:orange_bed":5,"minecraft:white_wool":3,"minecraft:dirt":149,"minecraft:crafting_table":8,"minecraft:red_bed":2,"minecraft:white_bed":2,"minecraft:shears":1,"minecraft:wooden_axe":1,"minecraft:wooden_hoe":130,"minecraft:apple":1,"minecraft:bread":4,"minecraft:acacia_slab":1,"minecraft:stone_axe":81,"minecraft:cobblestone":4,"minecraft:furnace":3,"minecraft:bucket":1,"minecraft:acacia_planks":96},"minecraft:custom":{"minecraft:interact_with_furnace":10,"minecraft:mob_kills":22,"minecraft:interact_with_crafting_table":30,"minecraft:bell_ring":28,"minecraft:leave_game":1,"minecraft:time_since_death":53399,"minecraft:sleep_in_bed":4,"minecraft:time_since_rest":13245,"minecraft:sprint_one_cm":119041,"minecraft:damage_taken":507,"minecraft:walk_one_cm":148184,"minecraft:drop":16,"minecraft:damage_dealt":8237,"minecraft:talked_to_villager":1,"minecraft:swim_one_cm":33,"minecraft:fly_one_cm":216254,"minecraft:open_chest":20,"minecraft:crouch_one_cm":17591,"minecraft:play_time":54502,"minecraft:deaths":1,"minecraft:sneak_time":3432,"minecraft:walk_under_water_one_cm":434,"minecraft:boat_one_cm":110824,"minecraft:jump":963,"minecraft:walk_on_water_one_cm":3906,"minecraft:total_world_time":54502,"minecraft:fall_one_cm":20052},"minecraft:killed":{"minecraft:pig":8,"minecraft:iron_golem":7,"minecraft:sheep":4},"minecraft:mined":{"minecraft:attached_melon_stem":1,"minecraft:farmland":8,"minecraft:acacia_leaves":2,"minecraft:white_bed":2,"minecraft:red_bed":2,"minecraft:melon_stem":8,"minecraft:crafting_table":2,"minecraft:short_grass":53,"minecraft:acacia_log":2,"minecraft:grass_block":198,"minecraft:copper_ore":1,"minecraft:tall_grass":5,"minecraft:composter":3,"minecraft:sugar_cane":3,"minecraft:hay_block":42,"minecraft:birch_planks":3,"minecraft:acacia_sapling":1,"minecraft:furnace":1,"minecraft:birch_log":3,"minecraft:wheat":172,"minecraft:acacia_wood":18,"minecraft:dirt_path":45,"minecraft:acacia_door":1,"minecraft:acacia_fence":8,"minecraft:dirt":87,"minecraft:acacia_planks":9,"minecraft:stone":39,"minecraft:white_wool":3,"minecraft:oak_leaves":1,"minecraft:spruce_slab":1,"minecraft:orange_bed":8}},"DataVersion":3955}