{"stats":{"minecraft:dropped":{"minecraft:stone_axe":1,"minecraft:stone_sword":1,"minecraft:raw_copper":12,"minecraft:stone_pickaxe":1,"minecraft:wooden_pickaxe":1},"minecraft:killed_by":{"minecraft:zombie":1},"minecraft:crafted":{"minecraft:crafting_table":2,"minecraft:stick":16,"minecraft:birch_boat":1,"minecraft:wooden_pickaxe":1,"minecraft:stone_pickaxe":2,"minecraft:wooden_axe":1,"minecraft:stone_sword":2,"minecraft:furnace":2,"minecraft:birch_planks":32,"minecraft:stone_axe":2},"minecraft:picked_up":{"minecraft:birch_log":19,"minecraft:crafting_table":1,"minecraft:birch_boat":1,"minecraft:wooden_pickaxe":1,"minecraft:oak_log":15,"minecraft:raw_copper":12,"minecraft:apple":1,"minecraft:oak_sapling":1,"minecraft:cobblestone":38},"minecraft:used":{"minecraft:wooden_axe":1,"minecraft:apple":1,"minecraft:stone_pickaxe":37,"minecraft:birch_boat":1,"minecraft:wooden_pickaxe":3,"minecraft:stone_axe":1,"minecraft:cobblestone":4,"minecraft:crafting_table":3},"minecraft:custom":{"minecraft:time_since_rest":5425,"minecraft:sprint_one_cm":19726,"minecraft:damage_taken":363,"minecraft:walk_one_cm":17698,"minecraft:mob_kills":2,"minecraft:drop":5,"minecraft:damage_dealt":67,"minecraft:interact_with_crafting_table":9,"minecraft:fly_one_cm":37890,"minecraft:crouch_one_cm":953,"minecraft:play_time":6502,"minecraft:deaths":1,"minecraft:sneak_time":191,"minecraft:walk_under_water_one_cm":161,"minecraft:boat_one_cm":2337,"minecraft:jump":164,"minecraft:leave_game":1,"minecraft:time_since_death":5399,"minecraft:walk_on_water_one_cm":1380,"minecraft:total_world_time":6502,"minecraft:fall_one_cm":4207},"minecraft:mined":{"minecraft:birch_log":3,"minecraft:crafting_table":1,"minecraft:short_grass":11,"minecraft:tall_grass":1,"minecraft:copper_ore":1,"minecraft:stone":39}},"DataVersion":3955}