{"stats":{"minecraft:picked_up":{"minecraft:iron_chestplate":1,"minecraft:crafting_table":7,"minecraft:wheat":39,"minecraft:leather_leggings":3,"minecraft:wooden_pickaxe":1,"minecraft:string":1307,"minecraft:red_bed":2,"minecraft:raw_copper":12,"minecraft:iron_axe":1,"minecraft:acacia_door":2,"minecraft:iron_leggings":1,"minecraft:iron_shovel":1,"minecraft:smooth_stone":1,"minecraft:cobbled_deepslate":1,"minecraft:beef":3,"minecraft:oak_boat":1,"minecraft:spruce_slab":1,"minecraft:poppy":14,"minecraft:iron_pickaxe":3,"minecraft:melon_slice":44,"minecraft:sugar_cane":11,"minecraft:chest":1,"minecraft:egg":1,"minecraft:furnace":1,"minecraft:stick":5,"minecraft:raw_iron":77,"minecraft:acacia_fence":8,"minecraft:composter":3,"minecraft:torch":57,"minecraft:acacia_log":74,"minecraft:porkchop":18,"minecraft:carrot":519,"minecraft:redstone":4,"minecraft:orange_bed":9,"minecraft:stone_sword":2,"minecraft:rotten_flesh":5,"minecraft:hay_block":41,"minecraft:armadillo_scute":1,"minecraft:yellow_terracotta":2,"minecraft:mutton":7,"minecraft:cobblestone":49,"minecraft:white_wool":7,"minecraft:birch_log":19,"minecraft:tripwire_hook":2,"minecraft:birch_slab":1,"minecraft:water_bucket":2,"minecraft:leather":1,"minecraft:acacia_wood":17,"minecraft:birch_planks":3,"minecraft:flint":8,"minecraft:oak_log":35,"minecraft:dirt":392,"minecraft:cooked_mutton":7,"minecraft:acacia_planks":223,"minecraft:apple":1,"minecraft:acacia_trapdoor":2,"minecraft:wheat_seeds":239,"minecraft:bell":1,"minecraft:iron_ingot":24,"minecraft:acacia_sapling":15,"minecraft:birch_boat":6,"minecraft:dandelion":1,"minecraft:sand":52,"minecraft:white_bed":2,"minecraft:acacia_stairs":19,"minecraft:red_terracotta":19,"minecraft:stone_axe":1,"minecraft:lever":2,"minecraft:short_grass":2,"minecraft:bread":306,"minecraft:oak_sapling":11,"minecraft:melon_seeds":22,"minecraft:coal":69},"minecraft:killed":{"minecraft:spider":4,"minecraft:pig":9,"minecraft:iron_golem":9,"minecraft:sheep":4,"minecraft:zombie":8,"minecraft:villager":1,"minecraft:cow":1},"minecraft:crafted":{"minecraft:oak_planks":8,"minecraft:stone_shovel":1,"minecraft:tripwire_hook":2,"minecraft:birch_boat":2,"minecraft:furnace":2,"minecraft:cooked_mutton":13,"minecraft:stone_pickaxe":2,"minecraft:chest":4,"minecraft:wheat":369,"minecraft:crafting_table":8,"minecraft:acacia_slab":24,"minecraft:wooden_pickaxe":1,"minecraft:acacia_trapdoor":7,"minecraft:fletching_table":1,"minecraft:birch_planks":64,"minecraft:stone_axe":3,"minecraft:acacia_boat":1,"minecraft:bread":137,"minecraft:air":0,"minecraft:iron_chestplate":1,"minecraft:wooden_hoe":3,"minecraft:stick":44,"minecraft:iron_ingot":9,"minecraft:iron_pickaxe":2,"minecraft:wooden_axe":1,"minecraft:stone_sword":2,"minecraft:iron_shovel":1,"minecraft:iron_leggings":1,"minecraft:white_bed":1,"minecraft:composter":2,"minecraft:acacia_planks":264,"minecraft:torch":36,"minecraft:shears":2},"minecraft:broken":{"minecraft:iron_shovel":1,"minecraft:stone_axe":1,"minecraft:wooden_hoe":2,"minecraft:stone_shovel":1},"minecraft:used":{"minecraft:iron_shovel":265,"minecraft:stone_sword":120,"minecraft:acacia_log":4,"minecraft:stone_shovel":136,"minecraft:chest":5,"minecraft:orange_bed":17,"minecraft:torch":23,"minecraft:dirt":225,"minecraft:carrot":80,"minecraft:acacia_sapling":4,"minecraft:glass":231,"minecraft:wooden_axe":1,"minecraft:villager_spawn_egg":2,"minecraft:iron_axe":66,"minecraft:grass_block":8,"minecraft:acacia_slab":1,"minecraft:tripwire_hook":4,"minecraft:oak_sapling":9,"minecraft:furnace":3,"minecraft:acacia_planks":167,"minecraft:cooked_mutton":5,"minecraft:acacia_boat":1,"minecraft:water_bucket":25,"minecraft:leather_leggings":2,"minecraft:birch_planks":3,"minecraft:acacia_trapdoor":7,"minecraft:stone_pickaxe":41,"minecraft:wooden_pickaxe":3,"minecraft:birch_boat":5,"minecraft:composter":4,"minecraft:white_wool":3,"minecraft:crafting_table":9,"minecraft:red_bed":2,"minecraft:white_bed":3,"minecraft:shears":3,"minecraft:lever":2,"minecraft:wooden_hoe":132,"minecraft:apple":1,"minecraft:bread":14,"minecraft:string":4,"minecraft:iron_pickaxe":46,"minecraft:netherite_axe":10,"minecraft:stone_axe":110,"minecraft:cobblestone":5,"minecraft:bucket":23,"minecraft:bone_meal":194},"minecraft:dropped":{"minecraft:bread":114,"minecraft:short_grass":2,"minecraft:wheat_seeds":129,"minecraft:dirt":10,"minecraft:iron_leggings":1,"minecraft:armadillo_scute":1,"minecraft:iron_pickaxe":1,"minecraft:string":4,"minecraft:dandelion":1,"minecraft:stone_axe":1,"minecraft:stone_sword":1,"minecraft:raw_copper":12,"minecraft:carrot":2183,"minecraft:poppy":1,"minecraft:iron_chestplate":2,"minecraft:melon_seeds":8,"minecraft:oak_sapling":1,"minecraft:acacia_sapling":2,"minecraft:spruce_slab":1,"minecraft:wooden_pickaxe":2,"minecraft:stone_pickaxe":1},"minecraft:mined":{"minecraft:yellow_terracotta":2,"minecraft:oak_sapling":8,"minecraft:white_bed":2,"minecraft:attached_melon_stem":2,"minecraft:farmland":8,"minecraft:lever":2,"minecraft:acacia_log":5,"minecraft:grass_block":205,"minecraft:composter":3,"minecraft:smooth_stone":1,"minecraft:hay_block":42,"minecraft:furnace":1,"minecraft:acacia_trapdoor":2,"minecraft:iron_ore":4,"minecraft:acacia_wood":18,"minecraft:acacia_stairs":19,"minecraft:dirt_path":48,"minecraft:stone":41,"minecraft:white_wool":3,"minecraft:spruce_slab":1,"minecraft:orange_bed":9,"minecraft:acacia_leaves":5,"minecraft:glass_pane":1,"minecraft:red_bed":2,"minecraft:melon_stem":12,"minecraft:crafting_table":3,"minecraft:torch":1,"minecraft:short_grass":73,"minecraft:poppy":1,"minecraft:melon":8,"minecraft:chest":1,"minecraft:glass":1,"minecraft:cobblestone":1,"minecraft:tall_grass":9,"minecraft:copper_ore":1,"minecraft:sugar_cane":6,"minecraft:red_terracotta":31,"minecraft:birch_planks":3,"minecraft:acacia_sapling":6,"minecraft:birch_log":3,"minecraft:wheat":174,"minecraft:coal_ore":2,"minecraft:acacia_fence":8,"minecraft:acacia_door":2,"minecraft:dirt":149,"minecraft:tripwire_hook":2,"minecraft:acacia_planks":55,"minecraft:oak_leaves":4},"minecraft:killed_by":{"minecraft:skeleton":2,"minecraft:zombie":1},"minecraft:custom":{"minecraft:mob_kills":39,"minecraft:interact_with_crafting_table":41,"minecraft:bell_ring":28,"minecraft:leave_game":2,"minecraft:time_since_death":118681,"minecraft:sprint_one_cm":212050,"minecraft:walk_one_cm":273355,"minecraft:drop":73,"minecraft:talked_to_villager":2,"minecraft:play_time":179853,"minecraft:deaths":4,"minecraft:sneak_time":7354,"minecraft:walk_under_water_one_cm":4430,"minecraft:boat_one_cm":169843,"minecraft:jump":1945,"minecraft:walk_on_water_one_cm":16623,"minecraft:total_world_time":179853,"minecraft:interact_with_furnace":15,"minecraft:sleep_in_bed":9,"minecraft:time_since_rest":13546,"minecraft:damage_taken":1670,"minecraft:damage_dealt":12434,"minecraft:swim_one_cm":3368,"minecraft:fly_one_cm":566830,"minecraft:open_chest":60,"minecraft:crouch_one_cm":28304,"minecraft:fall_one_cm":52151}},"DataVersion":3955}