{"stats":{"minecraft:dropped":{"minecraft:bread":19,"minecraft:stone_axe":1,"minecraft:short_grass":1,"minecraft:stone_sword":1,"minecraft:raw_copper":12,"minecraft:oak_sapling":1,"minecraft:spruce_slab":1,"minecraft:wooden_pickaxe":2,"minecraft:stone_pickaxe":1},"minecraft:killed_by":{"minecraft:zombie":1},"minecraft:broken":{"minecraft:stone_shovel":1},"minecraft:crafted":{"minecraft:oak_planks":8,"minecraft:stone_shovel":1,"minecraft:crafting_table":5,"minecraft:wooden_pickaxe":1,"minecraft:birch_boat":2,"minecraft:furnace":2,"minecraft:birch_planks":64,"minecraft:stone_axe":3,"minecraft:bread":36,"minecraft:cooked_mutton":6,"minecraft:air":0,"minecraft:wooden_hoe":1,"minecraft:stick":24,"minecraft:stone_pickaxe":2,"minecraft:wooden_axe":1,"minecraft:stone_sword":2,"minecraft:iron_shovel":1,"minecraft:chest":3,"minecraft:white_bed":1,"minecraft:acacia_planks":4,"minecraft:shears":1,"minecraft:wheat":108},"minecraft:picked_up":{"minecraft:birch_log":19,"minecraft:crafting_table":1,"minecraft:wheat":2,"minecraft:wooden_pickaxe":1,"minecraft:acacia_wood":17,"minecraft:birch_planks":3,"minecraft:oak_log":15,"minecraft:dirt":268,"minecraft:red_bed":2,"minecraft:raw_copper":12,"minecraft:acacia_door":1,"minecraft:cooked_mutton":1,"minecraft:apple":1,"minecraft:wheat_seeds":20,"minecraft:iron_ingot":20,"minecraft:oak_boat":1,"minecraft:poppy":3,"minecraft:spruce_slab":1,"minecraft:sugar_cane":5,"minecraft:acacia_sapling":2,"minecraft:furnace":1,"minecraft:acacia_fence":8,"minecraft:birch_boat":4,"minecraft:composter":1,"minecraft:torch":5,"minecraft:acacia_log":57,"minecraft:porkchop":15,"minecraft:white_bed":1,"minecraft:orange_bed":5,"minecraft:short_grass":2,"minecraft:hay_block":13,"minecraft:melon_seeds":1,"minecraft:oak_sapling":1,"minecraft:mutton":7,"minecraft:coal":7,"minecraft:white_wool":7,"minecraft:cobblestone":38},"minecraft:used":{"minecraft:cooked_mutton":4,"minecraft:leather_leggings":1,"minecraft:stone_sword":77,"minecraft:iron_shovel":154,"minecraft:acacia_log":3,"minecraft:birch_planks":3,"minecraft:stone_shovel":136,"minecraft:stone_pickaxe":41,"minecraft:chest":3,"minecraft:wooden_pickaxe":3,"minecraft:birch_boat":5,"minecraft:orange_bed":5,"minecraft:white_wool":3,"minecraft:dirt":39,"minecraft:crafting_table":6,"minecraft:red_bed":2,"minecraft:white_bed":2,"minecraft:shears":1,"minecraft:wooden_axe":1,"minecraft:wooden_hoe":14,"minecraft:apple":1,"minecraft:stone_axe":69,"minecraft:cobblestone":4,"minecraft:furnace":3,"minecraft:bucket":1},"minecraft:custom":{"minecraft:interact_with_furnace":9,"minecraft:mob_kills":22,"minecraft:interact_with_crafting_table":21,"minecraft:bell_ring":28,"minecraft:leave_game":1,"minecraft:time_since_death":41399,"minecraft:sleep_in_bed":4,"minecraft:time_since_rest":1245,"minecraft:sprint_one_cm":91280,"minecraft:damage_taken":469,"minecraft:walk_one_cm":100159,"minecraft:drop":10,"minecraft:damage_dealt":8237,"minecraft:talked_to_villager":1,"minecraft:swim_one_cm":33,"minecraft:fly_one_cm":182189,"minecraft:open_chest":15,"minecraft:crouch_one_cm":9068,"minecraft:play_time":42502,"minecraft:deaths":1,"minecraft:sneak_time":1698,"minecraft:walk_under_water_one_cm":434,"minecraft:boat_one_cm":110824,"minecraft:jump":811,"minecraft:walk_on_water_one_cm":3820,"minecraft:total_world_time":42502,"minecraft:fall_one_cm":15353},"minecraft:killed":{"minecraft:pig":8,"minecraft:iron_golem":7,"minecraft:sheep":4},"minecraft:mined":{"minecraft:farmland":7,"minecraft:acacia_leaves":2,"minecraft:white_bed":1,"minecraft:red_bed":2,"minecraft:crafting_table":1,"minecraft:short_grass":41,"minecraft:acacia_log":2,"minecraft:grass_block":154,"minecraft:copper_ore":1,"minecraft:tall_grass":3,"minecraft:composter":1,"minecraft:sugar_cane":3,"minecraft:hay_block":13,"minecraft:birch_planks":3,"minecraft:acacia_sapling":1,"minecraft:furnace":1,"minecraft:birch_log":3,"minecraft:wheat":1,"minecraft:acacia_wood":18,"minecraft:dirt_path":43,"minecraft:acacia_door":1,"minecraft:acacia_fence":8,"minecraft:dirt":73,"minecraft:stone":39,"minecraft:white_wool":3,"minecraft:oak_leaves":1,"minecraft:spruce_slab":1,"minecraft:orange_bed":5}},"DataVersion":3955}