{"stats":{"minecraft:dropped":{"minecraft:stone_axe":1,"minecraft:stone_sword":1,"minecraft:raw_copper":12,"minecraft:oak_sapling":1,"minecraft:spruce_slab":1,"minecraft:wooden_pickaxe":2,"minecraft:stone_pickaxe":1},"minecraft:killed_by":{"minecraft:zombie":1},"minecraft:crafted":{"minecraft:oak_planks":4,"minecraft:stone_shovel":1,"minecraft:crafting_table":4,"minecraft:wooden_pickaxe":1,"minecraft:birch_boat":2,"minecraft:furnace":2,"minecraft:birch_planks":44,"minecraft:stone_axe":2,"minecraft:cooked_mutton":6,"minecraft:air":0,"minecraft:stick":16,"minecraft:stone_pickaxe":2,"minecraft:wooden_axe":1,"minecraft:stone_sword":2,"minecraft:white_bed":1},"minecraft:picked_up":{"minecraft:birch_log":19,"minecraft:crafting_table":1,"minecraft:wooden_pickaxe":1,"minecraft:acacia_wood":17,"minecraft:birch_planks":3,"minecraft:oak_log":15,"minecraft:dirt":111,"minecraft:red_bed":2,"minecraft:raw_copper":12,"minecraft:cooked_mutton":1,"minecraft:apple":1,"minecraft:iron_ingot":3,"minecraft:spruce_slab":1,"minecraft:sugar_cane":5,"minecraft:furnace":1,"minecraft:acacia_fence":8,"minecraft:birch_boat":1,"minecraft:torch":4,"minecraft:acacia_log":20,"minecraft:porkchop":15,"minecraft:white_bed":1,"minecraft:orange_bed":5,"minecraft:oak_sapling":1,"minecraft:mutton":7,"minecraft:coal":7,"minecraft:white_wool":7,"minecraft:cobblestone":38},"minecraft:used":{"minecraft:cooked_mutton":4,"minecraft:leather_leggings":1,"minecraft:stone_sword":1,"minecraft:birch_planks":3,"minecraft:stone_shovel":108,"minecraft:stone_pickaxe":38,"minecraft:wooden_pickaxe":3,"minecraft:birch_boat":2,"minecraft:orange_bed":5,"minecraft:white_wool":3,"minecraft:dirt":31,"minecraft:crafting_table":5,"minecraft:red_bed":2,"minecraft:white_bed":2,"minecraft:wooden_axe":1,"minecraft:apple":1,"minecraft:stone_axe":64,"minecraft:cobblestone":4,"minecraft:furnace":1},"minecraft:custom":{"minecraft:interact_with_furnace":7,"minecraft:mob_kills":16,"minecraft:interact_with_crafting_table":12,"minecraft:bell_ring":20,"minecraft:leave_game":1,"minecraft:time_since_death":17399,"minecraft:sleep_in_bed":1,"minecraft:time_since_rest":6049,"minecraft:sprint_one_cm":57436,"minecraft:damage_taken":383,"minecraft:walk_one_cm":47885,"minecraft:drop":8,"minecraft:damage_dealt":3176,"minecraft:swim_one_cm":33,"minecraft:fly_one_cm":114703,"minecraft:open_chest":5,"minecraft:crouch_one_cm":6962,"minecraft:play_time":18502,"minecraft:deaths":1,"minecraft:sneak_time":1417,"minecraft:walk_under_water_one_cm":434,"minecraft:boat_one_cm":18204,"minecraft:jump":467,"minecraft:walk_on_water_one_cm":3263,"minecraft:total_world_time":18502,"minecraft:fall_one_cm":11115},"minecraft:killed":{"minecraft:pig":8,"minecraft:iron_golem":2,"minecraft:sheep":4},"minecraft:mined":{"minecraft:white_bed":1,"minecraft:red_bed":2,"minecraft:crafting_table":1,"minecraft:short_grass":16,"minecraft:grass_block":19,"minecraft:copper_ore":1,"minecraft:tall_grass":1,"minecraft:sugar_cane":3,"minecraft:birch_planks":3,"minecraft:furnace":1,"minecraft:birch_log":3,"minecraft:acacia_wood":18,"minecraft:dirt_path":18,"minecraft:acacia_fence":8,"minecraft:dirt":71,"minecraft:stone":39,"minecraft:white_wool":3,"minecraft:oak_leaves":1,"minecraft:spruce_slab":1,"minecraft:orange_bed":5}},"DataVersion":3955}