{"stats":{"minecraft:picked_up":{"minecraft:iron_chestplate":1,"minecraft:crafting_table":7,"minecraft:wheat":39,"minecraft:leather_leggings":3,"minecraft:wooden_pickaxe":1,"minecraft:string":4,"minecraft:red_bed":2,"minecraft:raw_copper":12,"minecraft:acacia_door":1,"minecraft:iron_leggings":1,"minecraft:iron_shovel":1,"minecraft:cobbled_deepslate":1,"minecraft:oak_boat":1,"minecraft:spruce_slab":1,"minecraft:poppy":14,"minecraft:iron_pickaxe":3,"minecraft:melon_slice":44,"minecraft:sugar_cane":5,"minecraft:furnace":1,"minecraft:raw_iron":77,"minecraft:acacia_fence":8,"minecraft:composter":3,"minecraft:torch":55,"minecraft:acacia_log":64,"minecraft:porkchop":15,"minecraft:carrot":519,"minecraft:redstone":4,"minecraft:orange_bed":9,"minecraft:stone_sword":2,"minecraft:rotten_flesh":3,"minecraft:hay_block":41,"minecraft:armadillo_scute":1,"minecraft:mutton":7,"minecraft:cobblestone":49,"minecraft:white_wool":7,"minecraft:birch_log":19,"minecraft:birch_slab":1,"minecraft:water_bucket":2,"minecraft:acacia_wood":17,"minecraft:birch_planks":3,"minecraft:oak_log":15,"minecraft:dirt":378,"minecraft:cooked_mutton":7,"minecraft:acacia_planks":185,"minecraft:apple":1,"minecraft:wheat_seeds":237,"minecraft:bell":1,"minecraft:iron_ingot":24,"minecraft:acacia_sapling":3,"minecraft:birch_boat":6,"minecraft:dandelion":1,"minecraft:white_bed":2,"minecraft:stone_axe":1,"minecraft:short_grass":2,"minecraft:bread":306,"minecraft:oak_sapling":1,"minecraft:melon_seeds":22,"minecraft:coal":69},"minecraft:killed":{"minecraft:spider":2,"minecraft:pig":8,"minecraft:iron_golem":9,"minecraft:sheep":4,"minecraft:zombie":3,"minecraft:villager":1},"minecraft:crafted":{"minecraft:oak_planks":8,"minecraft:stone_shovel":1,"minecraft:birch_boat":2,"minecraft:furnace":2,"minecraft:cooked_mutton":6,"minecraft:stone_pickaxe":2,"minecraft:chest":3,"minecraft:wheat":369,"minecraft:crafting_table":8,"minecraft:acacia_slab":24,"minecraft:wooden_pickaxe":1,"minecraft:acacia_trapdoor":6,"minecraft:birch_planks":64,"minecraft:stone_axe":3,"minecraft:bread":137,"minecraft:air":0,"minecraft:iron_chestplate":1,"minecraft:wooden_hoe":3,"minecraft:stick":44,"minecraft:iron_pickaxe":2,"minecraft:wooden_axe":1,"minecraft:stone_sword":2,"minecraft:iron_shovel":1,"minecraft:iron_leggings":1,"minecraft:white_bed":1,"minecraft:composter":2,"minecraft:acacia_planks":216,"minecraft:torch":36,"minecraft:shears":1},"minecraft:broken":{"minecraft:wooden_hoe":2,"minecraft:stone_shovel":1},"minecraft:used":{"minecraft:iron_shovel":259,"minecraft:stone_sword":94,"minecraft:acacia_log":3,"minecraft:stone_shovel":136,"minecraft:chest":3,"minecraft:orange_bed":17,"minecraft:torch":21,"minecraft:dirt":203,"minecraft:carrot":80,"minecraft:glass":231,"minecraft:wooden_axe":1,"minecraft:villager_spawn_egg":2,"minecraft:grass_block":8,"minecraft:acacia_slab":1,"minecraft:furnace":3,"minecraft:acacia_planks":103,"minecraft:cooked_mutton":4,"minecraft:water_bucket":17,"minecraft:leather_leggings":2,"minecraft:birch_planks":3,"minecraft:acacia_trapdoor":3,"minecraft:stone_pickaxe":41,"minecraft:wooden_pickaxe":3,"minecraft:birch_boat":5,"minecraft:composter":4,"minecraft:white_wool":3,"minecraft:crafting_table":9,"minecraft:red_bed":2,"minecraft:white_bed":3,"minecraft:shears":1,"minecraft:wooden_hoe":132,"minecraft:apple":1,"minecraft:bread":10,"minecraft:iron_pickaxe":10,"minecraft:netherite_axe":10,"minecraft:stone_axe":108,"minecraft:cobblestone":5,"minecraft:bucket":15,"minecraft:bone_meal":194},"minecraft:dropped":{"minecraft:bread":113,"minecraft:short_grass":2,"minecraft:wheat_seeds":129,"minecraft:dirt":10,"minecraft:iron_leggings":1,"minecraft:armadillo_scute":1,"minecraft:iron_pickaxe":1,"minecraft:dandelion":1,"minecraft:stone_axe":1,"minecraft:stone_sword":1,"minecraft:raw_copper":12,"minecraft:carrot":2183,"minecraft:poppy":1,"minecraft:iron_chestplate":1,"minecraft:melon_seeds":8,"minecraft:oak_sapling":1,"minecraft:acacia_sapling":1,"minecraft:spruce_slab":1,"minecraft:wooden_pickaxe":2,"minecraft:stone_pickaxe":1},"minecraft:mined":{"minecraft:white_bed":2,"minecraft:attached_melon_stem":2,"minecraft:farmland":8,"minecraft:acacia_log":2,"minecraft:grass_block":205,"minecraft:composter":3,"minecraft:hay_block":42,"minecraft:furnace":1,"minecraft:iron_ore":4,"minecraft:acacia_wood":18,"minecraft:dirt_path":46,"minecraft:stone":41,"minecraft:white_wool":3,"minecraft:spruce_slab":1,"minecraft:orange_bed":9,"minecraft:acacia_leaves":2,"minecraft:red_bed":2,"minecraft:melon_stem":12,"minecraft:crafting_table":3,"minecraft:torch":1,"minecraft:short_grass":72,"minecraft:poppy":1,"minecraft:melon":8,"minecraft:glass":1,"minecraft:cobblestone":1,"minecraft:tall_grass":9,"minecraft:copper_ore":1,"minecraft:sugar_cane":3,"minecraft:birch_planks":3,"minecraft:acacia_sapling":2,"minecraft:birch_log":3,"minecraft:wheat":174,"minecraft:coal_ore":2,"minecraft:acacia_fence":8,"minecraft:acacia_door":1,"minecraft:dirt":133,"minecraft:acacia_planks":13,"minecraft:oak_leaves":1},"minecraft:killed_by":{"minecraft:skeleton":2,"minecraft:zombie":1},"minecraft:custom":{"minecraft:mob_kills":30,"minecraft:interact_with_crafting_table":34,"minecraft:bell_ring":28,"minecraft:leave_game":2,"minecraft:time_since_death":94681,"minecraft:sprint_one_cm":167888,"minecraft:walk_one_cm":208219,"minecraft:drop":69,"minecraft:talked_to_villager":2,"minecraft:play_time":155853,"minecraft:deaths":4,"minecraft:sneak_time":6568,"minecraft:walk_under_water_one_cm":3536,"minecraft:boat_one_cm":110824,"minecraft:jump":1543,"minecraft:walk_on_water_one_cm":12205,"minecraft:total_world_time":155853,"minecraft:interact_with_furnace":10,"minecraft:sleep_in_bed":8,"minecraft:time_since_rest":6563,"minecraft:damage_taken":1523,"minecraft:damage_dealt":11093,"minecraft:swim_one_cm":510,"minecraft:fly_one_cm":474670,"minecraft:open_chest":33,"minecraft:crouch_one_cm":26235,"minecraft:fall_one_cm":41483}},"DataVersion":3955}