{"stats":{"minecraft:dropped":{"minecraft:bread":114,"minecraft:acacia_boat":1,"minecraft:birch_planks":1,"minecraft:short_grass":3,"minecraft:wheat_seeds":194,"minecraft:dirt":10,"minecraft:iron_leggings":1,"minecraft:armadillo_scute":1,"minecraft:iron_pickaxe":1,"minecraft:acacia_door":1,"minecraft:string":4,"minecraft:acacia_planks":3,"minecraft:dandelion":1,"minecraft:stone_axe":1,"minecraft:stone_sword":1,"minecraft:raw_copper":12,"minecraft:oak_planks":1,"minecraft:carrot":2183,"minecraft:poppy":1,"minecraft:iron_chestplate":2,"minecraft:melon_seeds":8,"minecraft:oak_sapling":1,"minecraft:acacia_sapling":3,"minecraft:spruce_slab":1,"minecraft:bow":11,"minecraft:wooden_pickaxe":2,"minecraft:stone_pickaxe":1,"minecraft:acacia_fence":1},"minecraft:killed_by":{"minecraft:skeleton":2,"minecraft:zombie":1},"minecraft:broken":{"minecraft:iron_shovel":1,"minecraft:stone_sword":1,"minecraft:stone_axe":1,"minecraft:wooden_hoe":2,"minecraft:stone_shovel":1},"minecraft:crafted":{"minecraft:oak_planks":88,"minecraft:stone_shovel":1,"minecraft:tripwire_hook":2,"minecraft:birch_boat":2,"minecraft:furnace":2,"minecraft:cooked_mutton":13,"minecraft:bow":11,"minecraft:stone_pickaxe":2,"minecraft:chest":4,"minecraft:wheat":369,"minecraft:cooked_beef":3,"minecraft:emerald":92,"minecraft:cooked_porkchop":3,"minecraft:crafting_table":9,"minecraft:acacia_slab":30,"minecraft:wooden_pickaxe":1,"minecraft:acacia_trapdoor":9,"minecraft:fletching_table":2,"minecraft:birch_planks":64,"minecraft:stone_axe":3,"minecraft:acacia_boat":2,"minecraft:bread":137,"minecraft:air":0,"minecraft:iron_chestplate":1,"minecraft:wooden_hoe":3,"minecraft:stick":1780,"minecraft:iron_ingot":9,"minecraft:iron_pickaxe":2,"minecraft:wooden_axe":1,"minecraft:stone_sword":2,"minecraft:iron_shovel":1,"minecraft:iron_leggings":1,"minecraft:white_bed":1,"minecraft:composter":2,"minecraft:acacia_planks":884,"minecraft:torch":36,"minecraft:shears":2},"minecraft:picked_up":{"minecraft:iron_chestplate":1,"minecraft:crafting_table":7,"minecraft:wheat":39,"minecraft:leather_leggings":3,"minecraft:wooden_pickaxe":1,"minecraft:string":1885,"minecraft:red_bed":2,"minecraft:raw_copper":12,"minecraft:iron_axe":2,"minecraft:acacia_door":3,"minecraft:iron_leggings":1,"minecraft:iron_shovel":1,"minecraft:smooth_stone":1,"minecraft:cobbled_deepslate":1,"minecraft:beef":11,"minecraft:oak_boat":1,"minecraft:jungle_sapling":5,"minecraft:iron_pickaxe":3,"minecraft:poppy":14,"minecraft:spruce_slab":1,"minecraft:melon_slice":44,"minecraft:sugar_cane":18,"minecraft:chest":2,"minecraft:egg":1,"minecraft:furnace":1,"minecraft:stick":5,"minecraft:raw_iron":77,"minecraft:acacia_fence":9,"minecraft:composter":3,"minecraft:torch":64,"minecraft:acacia_log":213,"minecraft:porkchop":18,"minecraft:carrot":519,"minecraft:redstone":4,"minecraft:cauldron":2,"minecraft:orange_bed":9,"minecraft:stone_sword":2,"minecraft:rotten_flesh":5,"minecraft:hay_block":41,"minecraft:armadillo_scute":1,"minecraft:yellow_terracotta":3,"minecraft:mutton":7,"minecraft:cobblestone":49,"minecraft:white_wool":7,"minecraft:birch_log":24,"minecraft:birch_slab":1,"minecraft:tripwire_hook":2,"minecraft:water_bucket":2,"minecraft:jungle_log":28,"minecraft:leather":5,"minecraft:acacia_wood":25,"minecraft:birch_planks":3,"minecraft:flint":8,"minecraft:oak_log":35,"minecraft:acacia_boat":5,"minecraft:dirt":396,"minecraft:cooked_mutton":7,"minecraft:acacia_planks":239,"minecraft:apple":1,"minecraft:wheat_seeds":304,"minecraft:acacia_trapdoor":4,"minecraft:bell":1,"minecraft:iron_ingot":24,"minecraft:fletching_table":2,"minecraft:acacia_sapling":16,"minecraft:book":24,"minecraft:birch_boat":6,"minecraft:dandelion":1,"minecraft:sand":52,"minecraft:white_bed":2,"minecraft:acacia_stairs":19,"minecraft:red_terracotta":19,"minecraft:stone_axe":1,"minecraft:lever":2,"minecraft:short_grass":3,"minecraft:bread":306,"minecraft:oak_sapling":11,"minecraft:melon_seeds":22,"minecraft:coal":96},"minecraft:used":{"minecraft:acacia_log":9,"minecraft:stone_sword":125,"minecraft:iron_shovel":265,"minecraft:stone_shovel":136,"minecraft:chest":6,"minecraft:orange_bed":17,"minecraft:torch":30,"minecraft:dirt":227,"minecraft:carrot":80,"minecraft:acacia_sapling":4,"minecraft:glass":231,"minecraft:wooden_axe":1,"minecraft:villager_spawn_egg":2,"minecraft:grass_block":8,"minecraft:iron_axe":116,"minecraft:acacia_slab":3,"minecraft:tripwire_hook":4,"minecraft:furnace":3,"minecraft:oak_sapling":9,"minecraft:acacia_planks":203,"minecraft:cooked_mutton":5,"minecraft:acacia_boat":6,"minecraft:water_bucket":27,"minecraft:leather_leggings":2,"minecraft:birch_planks":3,"minecraft:acacia_trapdoor":11,"minecraft:stone_pickaxe":41,"minecraft:wooden_pickaxe":3,"minecraft:birch_boat":5,"minecraft:composter":4,"minecraft:fletching_table":4,"minecraft:white_wool":3,"minecraft:yellow_terracotta":3,"minecraft:crafting_table":10,"minecraft:red_bed":2,"minecraft:white_bed":3,"minecraft:shears":4,"minecraft:lever":2,"minecraft:wooden_hoe":132,"minecraft:apple":1,"minecraft:bread":18,"minecraft:string":4,"minecraft:iron_pickaxe":52,"minecraft:netherite_axe":10,"minecraft:stone_axe":110,"minecraft:cobblestone":5,"minecraft:bucket":26,"minecraft:bone_meal":194},"minecraft:custom":{"minecraft:mob_kills":43,"minecraft:interact_with_crafting_table":45,"minecraft:bell_ring":28,"minecraft:leave_game":3,"minecraft:time_since_death":150911,"minecraft:climb_one_cm":597,"minecraft:sprint_one_cm":278606,"minecraft:walk_one_cm":330171,"minecraft:drop":94,"minecraft:talked_to_villager":29,"minecraft:play_time":212083,"minecraft:deaths":4,"minecraft:sneak_time":7628,"minecraft:walk_under_water_one_cm":5193,"minecraft:boat_one_cm":298233,"minecraft:jump":2543,"minecraft:walk_on_water_one_cm":20638,"minecraft:total_world_time":212083,"minecraft:interact_with_furnace":27,"minecraft:traded_with_villager":103,"minecraft:sleep_in_bed":9,"minecraft:time_since_rest":45776,"minecraft:damage_taken":1680,"minecraft:damage_dealt":12834,"minecraft:swim_one_cm":5194,"minecraft:fly_one_cm":702812,"minecraft:open_chest":110,"minecraft:crouch_one_cm":28928,"minecraft:fall_one_cm":60720},"minecraft:killed":{"minecraft:spider":4,"minecraft:pig":9,"minecraft:iron_golem":9,"minecraft:sheep":4,"minecraft:zombie":8,"minecraft:villager":1,"minecraft:cow":5},"minecraft:mined":{"minecraft:yellow_terracotta":3,"minecraft:farmland":8,"minecraft:white_bed":2,"minecraft:attached_melon_stem":2,"minecraft:oak_sapling":8,"minecraft:jungle_leaves":27,"minecraft:lever":2,"minecraft:acacia_log":5,"minecraft:grass_block":208,"minecraft:composter":3,"minecraft:hay_block":42,"minecraft:smooth_stone":1,"minecraft:jungle_sapling":3,"minecraft:furnace":1,"minecraft:acacia_trapdoor":4,"minecraft:iron_ore":4,"minecraft:acacia_wood":26,"minecraft:acacia_stairs":19,"minecraft:fletching_table":2,"minecraft:vine":2,"minecraft:bookshelf":8,"minecraft:water_cauldron":2,"minecraft:dirt_path":48,"minecraft:stone":41,"minecraft:white_wool":3,"minecraft:spruce_slab":1,"minecraft:orange_bed":9,"minecraft:acacia_leaves":5,"minecraft:glass_pane":2,"minecraft:red_bed":2,"minecraft:melon_stem":12,"minecraft:crafting_table":3,"minecraft:torch":1,"minecraft:short_grass":82,"minecraft:poppy":1,"minecraft:melon":8,"minecraft:chest":2,"minecraft:cobblestone":1,"minecraft:copper_ore":1,"minecraft:glass":2,"minecraft:tall_grass":10,"minecraft:sugar_cane":9,"minecraft:birch_planks":3,"minecraft:red_terracotta":31,"minecraft:acacia_sapling":6,"minecraft:birch_log":3,"minecraft:wheat":174,"minecraft:coal_ore":5,"minecraft:acacia_fence":9,"minecraft:acacia_door":2,"minecraft:dirt":150,"minecraft:acacia_planks":72,"minecraft:tripwire_hook":2,"minecraft:oak_leaves":23}},"DataVersion":3955}