{"stats":{"minecraft:dropped":{"minecraft:bread":19,"minecraft:short_grass":2,"minecraft:wheat_seeds":129,"minecraft:iron_leggings":1,"minecraft:armadillo_scute":1,"minecraft:iron_pickaxe":1,"minecraft:dandelion":1,"minecraft:stone_axe":1,"minecraft:stone_sword":1,"minecraft:raw_copper":12,"minecraft:poppy":1,"minecraft:iron_chestplate":1,"minecraft:melon_seeds":8,"minecraft:oak_sapling":1,"minecraft:acacia_sapling":1,"minecraft:spruce_slab":1,"minecraft:stone_pickaxe":1,"minecraft:wooden_pickaxe":2},"minecraft:killed_by":{"minecraft:skeleton":2,"minecraft:zombie":1},"minecraft:broken":{"minecraft:wooden_hoe":2,"minecraft:stone_shovel":1},"minecraft:crafted":{"minecraft:oak_planks":8,"minecraft:stone_shovel":1,"minecraft:birch_boat":2,"minecraft:furnace":2,"minecraft:cooked_mutton":6,"minecraft:stone_pickaxe":2,"minecraft:chest":3,"minecraft:wheat":369,"minecraft:crafting_table":8,"minecraft:acacia_slab":24,"minecraft:wooden_pickaxe":1,"minecraft:acacia_trapdoor":6,"minecraft:birch_planks":64,"minecraft:stone_axe":3,"minecraft:bread":137,"minecraft:air":0,"minecraft:wooden_hoe":3,"minecraft:iron_chestplate":1,"minecraft:stick":44,"minecraft:iron_pickaxe":2,"minecraft:wooden_axe":1,"minecraft:stone_sword":2,"minecraft:iron_shovel":1,"minecraft:iron_leggings":1,"minecraft:white_bed":1,"minecraft:composter":2,"minecraft:acacia_planks":216,"minecraft:torch":36,"minecraft:shears":1},"minecraft:picked_up":{"minecraft:iron_chestplate":1,"minecraft:crafting_table":7,"minecraft:wheat":37,"minecraft:leather_leggings":3,"minecraft:wooden_pickaxe":1,"minecraft:red_bed":2,"minecraft:raw_copper":12,"minecraft:acacia_door":1,"minecraft:iron_leggings":1,"minecraft:iron_shovel":1,"minecraft:cobbled_deepslate":1,"minecraft:oak_boat":1,"minecraft:spruce_slab":1,"minecraft:poppy":12,"minecraft:iron_pickaxe":3,"minecraft:melon_slice":1,"minecraft:sugar_cane":5,"minecraft:furnace":1,"minecraft:raw_iron":77,"minecraft:acacia_fence":8,"minecraft:composter":3,"minecraft:torch":54,"minecraft:acacia_log":57,"minecraft:porkchop":15,"minecraft:redstone":4,"minecraft:orange_bed":9,"minecraft:stone_sword":2,"minecraft:hay_block":41,"minecraft:armadillo_scute":1,"minecraft:mutton":7,"minecraft:cobblestone":47,"minecraft:white_wool":7,"minecraft:birch_log":19,"minecraft:birch_slab":1,"minecraft:water_bucket":2,"minecraft:acacia_wood":17,"minecraft:birch_planks":3,"minecraft:oak_log":15,"minecraft:dirt":344,"minecraft:cooked_mutton":7,"minecraft:acacia_planks":185,"minecraft:apple":1,"minecraft:wheat_seeds":224,"minecraft:iron_ingot":20,"minecraft:acacia_sapling":2,"minecraft:birch_boat":6,"minecraft:dandelion":1,"minecraft:white_bed":2,"minecraft:stone_axe":1,"minecraft:short_grass":2,"minecraft:bread":242,"minecraft:oak_sapling":1,"minecraft:melon_seeds":10,"minecraft:coal":69},"minecraft:used":{"minecraft:acacia_log":3,"minecraft:stone_sword":78,"minecraft:iron_shovel":222,"minecraft:stone_shovel":136,"minecraft:chest":3,"minecraft:orange_bed":9,"minecraft:torch":19,"minecraft:dirt":156,"minecraft:wooden_axe":1,"minecraft:acacia_slab":1,"minecraft:furnace":3,"minecraft:acacia_planks":100,"minecraft:cooked_mutton":4,"minecraft:water_bucket":7,"minecraft:leather_leggings":2,"minecraft:birch_planks":3,"minecraft:acacia_trapdoor":3,"minecraft:stone_pickaxe":41,"minecraft:birch_boat":5,"minecraft:wooden_pickaxe":3,"minecraft:composter":4,"minecraft:white_wool":3,"minecraft:crafting_table":9,"minecraft:red_bed":2,"minecraft:white_bed":3,"minecraft:shears":1,"minecraft:wooden_hoe":132,"minecraft:apple":1,"minecraft:bread":4,"minecraft:iron_pickaxe":8,"minecraft:stone_axe":85,"minecraft:cobblestone":4,"minecraft:bucket":8},"minecraft:custom":{"minecraft:mob_kills":22,"minecraft:interact_with_crafting_table":34,"minecraft:bell_ring":28,"minecraft:leave_game":1,"minecraft:time_since_death":5330,"minecraft:sprint_one_cm":147308,"minecraft:walk_one_cm":165702,"minecraft:drop":22,"minecraft:talked_to_villager":1,"minecraft:play_time":66502,"minecraft:deaths":4,"minecraft:sneak_time":4577,"minecraft:walk_under_water_one_cm":1877,"minecraft:boat_one_cm":110824,"minecraft:jump":1330,"minecraft:walk_on_water_one_cm":6865,"minecraft:total_world_time":66502,"minecraft:interact_with_furnace":10,"minecraft:sleep_in_bed":5,"minecraft:time_since_rest":5356,"minecraft:damage_taken":1300,"minecraft:damage_dealt":8353,"minecraft:swim_one_cm":510,"minecraft:fly_one_cm":373276,"minecraft:open_chest":27,"minecraft:crouch_one_cm":21313,"minecraft:fall_one_cm":38518},"minecraft:killed":{"minecraft:pig":8,"minecraft:iron_golem":7,"minecraft:sheep":4},"minecraft:mined":{"minecraft:white_bed":2,"minecraft:attached_melon_stem":1,"minecraft:farmland":8,"minecraft:acacia_log":2,"minecraft:grass_block":199,"minecraft:composter":3,"minecraft:hay_block":42,"minecraft:furnace":1,"minecraft:iron_ore":4,"minecraft:acacia_wood":18,"minecraft:dirt_path":45,"minecraft:stone":40,"minecraft:white_wool":3,"minecraft:spruce_slab":1,"minecraft:orange_bed":9,"minecraft:acacia_leaves":2,"minecraft:red_bed":2,"minecraft:melon_stem":8,"minecraft:crafting_table":3,"minecraft:torch":1,"minecraft:short_grass":65,"minecraft:poppy":1,"minecraft:tall_grass":9,"minecraft:copper_ore":1,"minecraft:sugar_cane":3,"minecraft:birch_planks":3,"minecraft:acacia_sapling":1,"minecraft:birch_log":3,"minecraft:wheat":172,"minecraft:coal_ore":2,"minecraft:acacia_fence":8,"minecraft:acacia_door":1,"minecraft:dirt":100,"minecraft:acacia_planks":12,"minecraft:oak_leaves":1}},"DataVersion":3955}