{"stats":{"minecraft:custom":{"minecraft:interact_with_furnace":11,"minecraft:mob_kills":27,"minecraft:traded_with_villager":122,"minecraft:interact_with_crafting_table":17,"minecraft:leave_game":3,"minecraft:time_since_death":78709,"minecraft:sleep_in_bed":1,"minecraft:climb_one_cm":2226,"minecraft:time_since_rest":49743,"minecraft:sprint_one_cm":274518,"minecraft:damage_taken":669,"minecraft:walk_one_cm":212386,"minecraft:drop":20,"minecraft:damage_dealt":5016,"minecraft:swim_one_cm":15632,"minecraft:talked_to_villager":40,"minecraft:fly_one_cm":367933,"minecraft:open_chest":43,"minecraft:crouch_one_cm":2102,"minecraft:play_time":78709,"minecraft:sneak_time":1171,"minecraft:walk_under_water_one_cm":3594,"minecraft:jump":1727,"minecraft:walk_on_water_one_cm":16769,"minecraft:total_world_time":78709,"minecraft:fall_one_cm":39795},"minecraft:dropped":{"minecraft:bread":35,"minecraft:stone_axe":1,"minecraft:wheat_seeds":3,"minecraft:mossy_cobblestone":3,"minecraft:feather":2,"minecraft:stick":1,"minecraft:wooden_axe":1,"minecraft:oak_sapling":62,"minecraft:string":2},"minecraft:mined":{"minecraft:white_bed":3,"minecraft:oak_sapling":12,"minecraft:glass_pane":4,"minecraft:mossy_cobblestone":4,"minecraft:oak_door":2,"minecraft:crafting_table":4,"minecraft:short_grass":37,"minecraft:acacia_log":10,"minecraft:grass_block":5,"minecraft:tall_grass":11,"minecraft:cobblestone":46,"minecraft:spruce_leaves":12,"minecraft:sugar_cane":17,"minecraft:oak_planks":101,"minecraft:wall_torch":5,"minecraft:hay_block":27,"minecraft:spruce_sapling":1,"minecraft:iron_ore":16,"minecraft:fletching_table":2,"minecraft:yellow_bed":12,"minecraft:bell":1,"minecraft:coal_ore":126,"minecraft:oak_log":3,"minecraft:dirt_path":7,"minecraft:vine":3,"minecraft:oak_stairs":109,"minecraft:gravel":14,"minecraft:dirt":3,"minecraft:stonecutter":1,"minecraft:stone":37,"minecraft:tripwire":1,"minecraft:oak_leaves":17},"minecraft:broken":{"minecraft:stone_pickaxe":1,"minecraft:stone_axe":3,"minecraft:wooden_pickaxe":1},"minecraft:crafted":{"minecraft:cooked_beef":12,"minecraft:oak_slab":126,"minecraft:oak_planks":1332,"minecraft:emerald":121,"minecraft:cooked_porkchop":1,"minecraft:crafting_table":3,"minecraft:spruce_planks":32,"minecraft:wooden_pickaxe":1,"minecraft:fletching_table":1,"minecraft:birch_planks":20,"minecraft:stone_axe":8,"minecraft:cooked_mutton":4,"minecraft:bread":81,"minecraft:air":0,"minecraft:bow":1,"minecraft:stick":3064,"minecraft:iron_ingot":5,"minecraft:stone_pickaxe":1,"minecraft:wooden_axe":2,"minecraft:acacia_planks":40,"minecraft:wheat":243},"minecraft:killed":{"minecraft:pig":6,"minecraft:zombie_villager":1,"minecraft:spider":1,"minecraft:iron_golem":3,"minecraft:slime":5,"minecraft:skeleton":1,"minecraft:zombie":4,"minecraft:chicken":2,"minecraft:cow":4},"minecraft:used":{"minecraft:stone_pickaxe":194,"minecraft:oak_planks":62,"minecraft:wooden_pickaxe":61,"minecraft:fletching_table":3,"minecraft:sugar_cane":23,"minecraft:torch":7,"minecraft:dirt":8,"minecraft:oak_slab":22,"minecraft:crafting_table":7,"minecraft:white_bed":3,"minecraft:wooden_axe":11,"minecraft:bread":10,"minecraft:string":1,"minecraft:spruce_sapling":24,"minecraft:stone_axe":342,"minecraft:cobblestone":4,"minecraft:cooked_porkchop":1,"minecraft:yellow_bed":12,"minecraft:cooked_beef":6},"minecraft:picked_up":{"minecraft:birch_log":5,"minecraft:crafting_table":4,"minecraft:feather":3,"minecraft:chicken":2,"minecraft:leather":5,"minecraft:brown_mushroom":3,"minecraft:oak_stairs":122,"minecraft:flint":2,"minecraft:oak_log":266,"minecraft:yellow_bed":12,"minecraft:dirt":14,"minecraft:string":2735,"minecraft:bone":1,"minecraft:apple":12,"minecraft:stonecutter":1,"minecraft:wheat_seeds":6,"minecraft:bell":1,"minecraft:stone_pickaxe":1,"minecraft:beef":9,"minecraft:iron_ingot":5,"minecraft:poppy":2,"minecraft:fletching_table":2,"minecraft:sugar_cane":32,"minecraft:oak_planks":256,"minecraft:stick":107,"minecraft:raw_iron":16,"minecraft:oak_door":2,"minecraft:torch":7,"minecraft:acacia_log":10,"minecraft:gravel":9,"minecraft:porkchop":16,"minecraft:spruce_sapling":26,"minecraft:white_bed":3,"minecraft:spruce_log":9,"minecraft:mossy_cobblestone":5,"minecraft:rotten_flesh":2,"minecraft:arrow":2,"minecraft:slime_ball":5,"minecraft:hay_block":27,"minecraft:oak_sapling":69,"minecraft:coal":126,"minecraft:cobblestone":87}},"DataVersion":3955}