{"stats":{"minecraft:crafted":{"minecraft:oak_planks":88,"minecraft:stone_shovel":1,"minecraft:furnace":2,"minecraft:lever":1,"minecraft:cooked_mutton":5,"minecraft:iron_axe":4,"minecraft:stone_pickaxe":1,"minecraft:wheat":18,"minecraft:cooked_porkchop":15,"minecraft:crafting_table":2,"minecraft:iron_sword":1,"minecraft:birch_planks":16,"minecraft:bread":6,"minecraft:air":0,"minecraft:oak_boat":1,"minecraft:stick":52,"minecraft:iron_ingot":52,"minecraft:wooden_axe":1,"minecraft:iron_shovel":2,"minecraft:white_bed":1,"minecraft:torch":112},"minecraft:dropped":{"minecraft:bread":1,"minecraft:acacia_boat":1,"minecraft:short_grass":1,"minecraft:wheat_seeds":123,"minecraft:oak_log":4,"minecraft:yellow_terracotta":8,"minecraft:brown_banner":2,"minecraft:flint":8,"minecraft:stick":1,"minecraft:wooden_axe":1,"minecraft:iron_axe":2,"minecraft:sand":104,"minecraft:string":1,"minecraft:birch_log":5,"minecraft:acacia_planks":6,"minecraft:sugar_cane":6,"minecraft:iron_nugget":4,"minecraft:raw_copper":26,"minecraft:obsidian":1,"minecraft:rotten_flesh":5,"minecraft:acacia_stairs":20,"minecraft:acacia_slab":3,"minecraft:oak_sapling":1,"minecraft:acacia_sapling":1,"minecraft:leather_leggings":1,"minecraft:stone_pickaxe":1,"minecraft:wooden_pickaxe":1,"minecraft:acacia_fence":4},"minecraft:custom":{"minecraft:mob_kills":20,"minecraft:interact_with_crafting_table":23,"minecraft:bell_ring":54,"minecraft:leave_game":4,"minecraft:time_since_death":141476,"minecraft:climb_one_cm":2481,"minecraft:sprint_one_cm":399177,"minecraft:walk_one_cm":662380,"minecraft:drop":66,"minecraft:talked_to_villager":16,"minecraft:play_time":201914,"minecraft:deaths":6,"minecraft:sneak_time":939,"minecraft:walk_under_water_one_cm":23783,"minecraft:boat_one_cm":647176,"minecraft:jump":3105,"minecraft:walk_on_water_one_cm":69004,"minecraft:total_world_time":201914,"minecraft:interact_with_furnace":19,"minecraft:sleep_in_bed":3,"minecraft:time_since_rest":95367,"minecraft:damage_taken":3069,"minecraft:damage_dealt":2036,"minecraft:swim_one_cm":51484,"minecraft:fly_one_cm":620065,"minecraft:open_chest":128,"minecraft:crouch_one_cm":1323,"minecraft:fall_one_cm":80238},"minecraft:broken":{"minecraft:stone_pickaxe":1,"minecraft:stone_shovel":1},"minecraft:mined":{"minecraft:yellow_terracotta":29,"minecraft:white_bed":1,"minecraft:cherry_sapling":1,"minecraft:acacia_log":2,"minecraft:grass_block":17,"minecraft:jungle_log":2,"minecraft:birch_slab":1,"minecraft:acacia_slab":3,"minecraft:hay_block":2,"minecraft:redstone_ore":1,"minecraft:furnace":3,"minecraft:jungle_sapling":1,"minecraft:iron_ore":14,"minecraft:acacia_wood":18,"minecraft:acacia_stairs":134,"minecraft:andesite":2,"minecraft:dirt_path":45,"minecraft:deepslate_iron_ore":2,"minecraft:vine":2,"minecraft:stone":83,"minecraft:orange_bed":1,"minecraft:smithing_table":2,"minecraft:acacia_leaves":7,"minecraft:glass_pane":6,"minecraft:red_bed":1,"minecraft:crafting_table":2,"minecraft:short_grass":45,"minecraft:melon":4,"minecraft:chest":3,"minecraft:lectern":1,"minecraft:copper_ore":1,"minecraft:sugar_cane":16,"minecraft:oak_planks":43,"minecraft:pink_petals":218,"minecraft:red_terracotta":31,"minecraft:birch_log":4,"minecraft:lilac":7,"minecraft:brown_wall_banner":1,"minecraft:tnt":1,"minecraft:coal_ore":9,"minecraft:acacia_fence":4,"minecraft:acacia_door":12,"minecraft:gravel":65,"minecraft:sand":80,"minecraft:dirt":57,"minecraft:cobweb":4,"minecraft:acacia_planks":84,"minecraft:stonecutter":1,"minecraft:oak_leaves":58,"minecraft:deepslate":1,"minecraft:fern":1},"minecraft:killed":{"minecraft:pig":2,"minecraft:sheep":10,"minecraft:zombie":3,"minecraft:villager":1,"minecraft:cow":4},"minecraft:killed_by":{"minecraft:iron_golem":4,"minecraft:zombie":1},"minecraft:used":{"minecraft:stone_sword":90,"minecraft:acacia_log":10,"minecraft:iron_shovel":152,"minecraft:stone_shovel":131,"minecraft:chest":3,"minecraft:iron_sword":4,"minecraft:orange_bed":1,"minecraft:torch":8,"minecraft:dirt":18,"minecraft:wooden_axe":1,"minecraft:iron_axe":514,"minecraft:jungle_log":6,"minecraft:furnace":5,"minecraft:acacia_planks":6,"minecraft:water_bucket":55,"minecraft:birch_planks":1,"minecraft:stone_pickaxe":110,"minecraft:wooden_pickaxe":6,"minecraft:crafting_table":4,"minecraft:red_bed":1,"minecraft:white_bed":1,"minecraft:lever":1,"minecraft:apple":2,"minecraft:bread":31,"minecraft:melon_slice":2,"minecraft:iron_pickaxe":100,"minecraft:stone_axe":63,"minecraft:cobblestone":27,"minecraft:cooked_porkchop":2,"minecraft:bucket":55,"minecraft:oak_boat":2},"minecraft:picked_up":{"minecraft:iron_chestplate":2,"minecraft:crafting_table":2,"minecraft:wheat":3,"minecraft:smithing_table":2,"minecraft:wooden_pickaxe":3,"minecraft:string":2162,"minecraft:red_bed":2,"minecraft:iron_axe":1,"minecraft:raw_copper":38,"minecraft:acacia_door":11,"minecraft:iron_leggings":2,"minecraft:cobbled_deepslate":1,"minecraft:beef":34,"minecraft:oak_boat":2,"minecraft:jungle_sapling":6,"minecraft:poppy":15,"minecraft:iron_pickaxe":1,"minecraft:lectern":1,"minecraft:melon_slice":15,"minecraft:sugar_cane":70,"minecraft:chest":3,"minecraft:egg":1,"minecraft:furnace":3,"minecraft:stick":21,"minecraft:raw_iron":68,"minecraft:acacia_fence":4,"minecraft:torch":40,"minecraft:acacia_log":195,"minecraft:porkchop":4,"minecraft:cherry_log":38,"minecraft:redstone":4,"minecraft:cauldron":2,"minecraft:orange_bed":2,"minecraft:diamond_chestplate":1,"minecraft:stone_sword":4,"minecraft:arrow":1,"minecraft:rotten_flesh":3,"minecraft:stone_shovel":3,"minecraft:hay_block":2,"minecraft:yellow_terracotta":27,"minecraft:mutton":20,"minecraft:obsidian":1,"minecraft:cobblestone":88,"minecraft:rail":1,"minecraft:white_wool":11,"minecraft:birch_log":9,"minecraft:pink_petals":656,"minecraft:lilac":7,"minecraft:golden_carrot":6,"minecraft:andesite":2,"minecraft:birch_slab":1,"minecraft:jungle_log":58,"minecraft:leather":14,"minecraft:acacia_wood":20,"minecraft:birch_planks":10,"minecraft:flint":15,"minecraft:oak_log":26,"minecraft:acacia_boat":1,"minecraft:dirt":228,"minecraft:cooked_mutton":11,"minecraft:glass":26,"minecraft:bone":2,"minecraft:acacia_planks":89,"minecraft:kelp":1,"minecraft:stonecutter":1,"minecraft:wheat_seeds":215,"minecraft:stone_pickaxe":4,"minecraft:iron_ingot":20,"minecraft:bamboo":6,"minecraft:acacia_sapling":3,"minecraft:oak_planks":123,"minecraft:cooked_porkchop":2,"minecraft:gravel":62,"minecraft:sand":130,"minecraft:white_bed":1,"minecraft:acacia_stairs":128,"minecraft:red_terracotta":43,"minecraft:stone_axe":4,"minecraft:short_grass":1,"minecraft:iron_helmet":1,"minecraft:cherry_sapling":22,"minecraft:emerald":1,"minecraft:bread":97,"minecraft:brown_banner":2,"minecraft:oak_sapling":2,"minecraft:acacia_slab":3,"minecraft:melon_seeds":14,"minecraft:netherrack":2,"minecraft:black_wool":1,"minecraft:coal":73}},"DataVersion":3955}