{"stats":{"minecraft:dropped":{"minecraft:wooden_axe":1,"minecraft:oak_sapling":1},"minecraft:crafted":{"minecraft:oak_planks":88,"minecraft:birch_planks":16,"minecraft:stick":4,"minecraft:wooden_axe":1},"minecraft:picked_up":{"minecraft:raw_copper":12,"minecraft:birch_log":4,"minecraft:stick":1,"minecraft:stone_sword":1,"minecraft:stone_axe":1,"minecraft:stone_pickaxe":1,"minecraft:oak_log":22,"minecraft:oak_sapling":1,"minecraft:dirt":5,"minecraft:cobblestone":1},"minecraft:used":{"minecraft:stone_axe":4,"minecraft:wooden_axe":1,"minecraft:dirt":4},"minecraft:custom":{"minecraft:time_since_rest":5966,"minecraft:play_time":5966,"minecraft:sprint_one_cm":17731,"minecraft:damage_taken":70,"minecraft:walk_one_cm":19212,"minecraft:walk_under_water_one_cm":1047,"minecraft:mob_kills":1,"minecraft:drop":2,"minecraft:jump":100,"minecraft:damage_dealt":29,"minecraft:time_since_death":5966,"minecraft:walk_on_water_one_cm":3475,"minecraft:total_world_time":5966,"minecraft:swim_one_cm":1415,"minecraft:interact_with_crafting_table":1,"minecraft:fall_one_cm":964,"minecraft:fly_one_cm":10877},"minecraft:killed":{"minecraft:zombie":1},"minecraft:mined":{"minecraft:grass_block":2,"minecraft:dirt":3,"minecraft:birch_log":4}},"DataVersion":3955}