{"stats":{"minecraft:picked_up":{"minecraft:iron_chestplate":2,"minecraft:crafting_table":2,"minecraft:wheat":3,"minecraft:smithing_table":2,"minecraft:wooden_pickaxe":3,"minecraft:string":2162,"minecraft:red_bed":2,"minecraft:raw_copper":38,"minecraft:acacia_door":11,"minecraft:iron_leggings":1,"minecraft:cobbled_deepslate":1,"minecraft:beef":7,"minecraft:oak_boat":2,"minecraft:poppy":15,"minecraft:iron_pickaxe":1,"minecraft:lectern":1,"minecraft:melon_slice":15,"minecraft:sugar_cane":64,"minecraft:chest":3,"minecraft:egg":1,"minecraft:furnace":3,"minecraft:stick":9,"minecraft:raw_iron":68,"minecraft:acacia_fence":4,"minecraft:torch":40,"minecraft:acacia_log":35,"minecraft:porkchop":4,"minecraft:redstone":4,"minecraft:cauldron":2,"minecraft:orange_bed":2,"minecraft:stone_shovel":3,"minecraft:stone_sword":4,"minecraft:rotten_flesh":1,"minecraft:hay_block":2,"minecraft:yellow_terracotta":27,"minecraft:mutton":20,"minecraft:cobblestone":87,"minecraft:white_wool":11,"minecraft:rail":1,"minecraft:birch_log":4,"minecraft:birch_slab":1,"minecraft:andesite":2,"minecraft:leather":14,"minecraft:acacia_wood":20,"minecraft:birch_planks":10,"minecraft:flint":8,"minecraft:oak_log":22,"minecraft:dirt":222,"minecraft:cooked_mutton":11,"minecraft:glass":26,"minecraft:acacia_planks":87,"minecraft:stonecutter":1,"minecraft:wheat_seeds":188,"minecraft:stone_pickaxe":3,"minecraft:iron_ingot":20,"minecraft:oak_planks":123,"minecraft:acacia_sapling":3,"minecraft:gravel":60,"minecraft:sand":129,"minecraft:white_bed":1,"minecraft:acacia_stairs":128,"minecraft:red_terracotta":43,"minecraft:stone_axe":4,"minecraft:short_grass":1,"minecraft:emerald":1,"minecraft:bread":97,"minecraft:acacia_slab":3,"minecraft:brown_banner":2,"minecraft:oak_sapling":2,"minecraft:melon_seeds":14,"minecraft:black_wool":1,"minecraft:coal":52},"minecraft:killed":{"minecraft:pig":2,"minecraft:sheep":10,"minecraft:zombie":2,"minecraft:villager":1,"minecraft:cow":4},"minecraft:crafted":{"minecraft:oak_planks":88,"minecraft:stone_shovel":1,"minecraft:furnace":2,"minecraft:lever":1,"minecraft:cooked_mutton":5,"minecraft:iron_axe":4,"minecraft:stone_pickaxe":1,"minecraft:wheat":18,"minecraft:cooked_porkchop":15,"minecraft:crafting_table":2,"minecraft:birch_planks":16,"minecraft:bread":6,"minecraft:air":0,"minecraft:oak_boat":1,"minecraft:stick":52,"minecraft:iron_ingot":50,"minecraft:wooden_axe":1,"minecraft:iron_shovel":2,"minecraft:white_bed":1,"minecraft:torch":112},"minecraft:broken":{"minecraft:stone_pickaxe":1,"minecraft:stone_shovel":1},"minecraft:used":{"minecraft:stone_sword":90,"minecraft:iron_shovel":118,"minecraft:stone_shovel":131,"minecraft:chest":3,"minecraft:orange_bed":1,"minecraft:torch":8,"minecraft:dirt":14,"minecraft:wooden_axe":1,"minecraft:iron_axe":249,"minecraft:furnace":5,"minecraft:acacia_planks":6,"minecraft:water_bucket":14,"minecraft:birch_planks":1,"minecraft:stone_pickaxe":110,"minecraft:wooden_pickaxe":6,"minecraft:crafting_table":4,"minecraft:red_bed":1,"minecraft:white_bed":1,"minecraft:lever":1,"minecraft:melon_slice":2,"minecraft:bread":11,"minecraft:iron_pickaxe":82,"minecraft:stone_axe":63,"minecraft:cobblestone":27,"minecraft:cooked_porkchop":2,"minecraft:bucket":14,"minecraft:oak_boat":2},"minecraft:dropped":{"minecraft:bread":1,"minecraft:short_grass":1,"minecraft:wheat_seeds":109,"minecraft:flint":8,"minecraft:wooden_axe":1,"minecraft:sand":104,"minecraft:iron_axe":2,"minecraft:string":1,"minecraft:raw_copper":26,"minecraft:rotten_flesh":5,"minecraft:oak_sapling":1,"minecraft:wooden_pickaxe":1},"minecraft:mined":{"minecraft:yellow_terracotta":29,"minecraft:white_bed":1,"minecraft:acacia_log":2,"minecraft:grass_block":17,"minecraft:birch_slab":1,"minecraft:acacia_slab":3,"minecraft:hay_block":2,"minecraft:redstone_ore":1,"minecraft:furnace":3,"minecraft:iron_ore":14,"minecraft:acacia_wood":18,"minecraft:acacia_stairs":134,"minecraft:andesite":2,"minecraft:deepslate_iron_ore":2,"minecraft:dirt_path":45,"minecraft:stone":83,"minecraft:orange_bed":1,"minecraft:smithing_table":2,"minecraft:glass_pane":6,"minecraft:red_bed":1,"minecraft:crafting_table":2,"minecraft:short_grass":32,"minecraft:melon":4,"minecraft:chest":3,"minecraft:lectern":1,"minecraft:copper_ore":1,"minecraft:oak_planks":43,"minecraft:sugar_cane":12,"minecraft:red_terracotta":31,"minecraft:birch_log":4,"minecraft:brown_wall_banner":1,"minecraft:coal_ore":5,"minecraft:acacia_fence":4,"minecraft:dirt":56,"minecraft:acacia_door":12,"minecraft:gravel":65,"minecraft:sand":80,"minecraft:cobweb":4,"minecraft:acacia_planks":84,"minecraft:stonecutter":1,"minecraft:deepslate":1},"minecraft:killed_by":{"minecraft:iron_golem":4,"minecraft:zombie":1},"minecraft:custom":{"minecraft:mob_kills":19,"minecraft:interact_with_crafting_table":20,"minecraft:bell_ring":54,"minecraft:leave_game":2,"minecraft:time_since_death":47980,"minecraft:sprint_one_cm":228874,"minecraft:walk_one_cm":420942,"minecraft:drop":32,"minecraft:talked_to_villager":16,"minecraft:play_time":108418,"minecraft:deaths":6,"minecraft:sneak_time":759,"minecraft:walk_under_water_one_cm":14804,"minecraft:boat_one_cm":38732,"minecraft:jump":1629,"minecraft:walk_on_water_one_cm":42813,"minecraft:total_world_time":108418,"minecraft:interact_with_furnace":15,"minecraft:sleep_in_bed":3,"minecraft:time_since_rest":1871,"minecraft:damage_taken":2240,"minecraft:damage_dealt":1887,"minecraft:swim_one_cm":26978,"minecraft:fly_one_cm":342340,"minecraft:open_chest":85,"minecraft:crouch_one_cm":1323,"minecraft:fall_one_cm":34409}},"DataVersion":3955}