{"stats":{"minecraft:picked_up":{"minecraft:birch_log":4,"minecraft:crafting_table":1,"minecraft:iron_chestplate":2,"minecraft:birch_slab":1,"minecraft:andesite":2,"minecraft:leather":9,"minecraft:smithing_table":2,"minecraft:wooden_pickaxe":3,"minecraft:acacia_wood":6,"minecraft:birch_planks":10,"minecraft:flint":8,"minecraft:oak_log":22,"minecraft:dirt":220,"minecraft:string":995,"minecraft:red_bed":2,"minecraft:raw_copper":38,"minecraft:acacia_door":11,"minecraft:iron_leggings":1,"minecraft:cooked_mutton":5,"minecraft:acacia_planks":30,"minecraft:stonecutter":1,"minecraft:wheat_seeds":15,"minecraft:cobbled_deepslate":1,"minecraft:beef":6,"minecraft:iron_ingot":8,"minecraft:stone_pickaxe":3,"minecraft:oak_boat":1,"minecraft:poppy":1,"minecraft:iron_pickaxe":1,"minecraft:lectern":1,"minecraft:melon_slice":15,"minecraft:sugar_cane":41,"minecraft:acacia_sapling":1,"minecraft:oak_planks":123,"minecraft:stick":3,"minecraft:raw_iron":68,"minecraft:torch":7,"minecraft:acacia_log":7,"minecraft:gravel":60,"minecraft:porkchop":4,"minecraft:sand":129,"minecraft:acacia_stairs":25,"minecraft:redstone":4,"minecraft:red_terracotta":12,"minecraft:orange_bed":2,"minecraft:stone_sword":4,"minecraft:rotten_flesh":1,"minecraft:stone_shovel":3,"minecraft:stone_axe":4,"minecraft:short_grass":1,"minecraft:hay_block":2,"minecraft:bread":97,"minecraft:oak_sapling":1,"minecraft:black_wool":1,"minecraft:rail":1,"minecraft:mutton":20,"minecraft:coal":42,"minecraft:white_wool":11,"minecraft:cobblestone":87},"minecraft:killed":{"minecraft:pig":2,"minecraft:sheep":10,"minecraft:zombie":2,"minecraft:villager":1,"minecraft:cow":4},"minecraft:crafted":{"minecraft:oak_planks":88,"minecraft:stone_shovel":1,"minecraft:cooked_porkchop":15,"minecraft:crafting_table":2,"minecraft:furnace":2,"minecraft:lever":1,"minecraft:birch_planks":16,"minecraft:bread":6,"minecraft:cooked_mutton":5,"minecraft:air":0,"minecraft:oak_boat":1,"minecraft:iron_axe":2,"minecraft:stick":52,"minecraft:iron_ingot":50,"minecraft:stone_pickaxe":1,"minecraft:wooden_axe":1,"minecraft:iron_shovel":2,"minecraft:white_bed":1,"minecraft:torch":112,"minecraft:wheat":18},"minecraft:broken":{"minecraft:stone_pickaxe":1,"minecraft:stone_shovel":1},"minecraft:used":{"minecraft:iron_shovel":117,"minecraft:stone_sword":90,"minecraft:birch_planks":1,"minecraft:stone_shovel":131,"minecraft:stone_pickaxe":110,"minecraft:wooden_pickaxe":6,"minecraft:orange_bed":1,"minecraft:torch":8,"minecraft:dirt":14,"minecraft:crafting_table":3,"minecraft:red_bed":1,"minecraft:white_bed":1,"minecraft:wooden_axe":1,"minecraft:lever":1,"minecraft:iron_axe":55,"minecraft:bread":11,"minecraft:melon_slice":2,"minecraft:iron_pickaxe":13,"minecraft:stone_axe":63,"minecraft:cobblestone":27,"minecraft:cooked_porkchop":2,"minecraft:furnace":2,"minecraft:oak_boat":2,"minecraft:acacia_planks":2},"minecraft:dropped":{"minecraft:short_grass":1,"minecraft:raw_copper":14,"minecraft:flint":8,"minecraft:wooden_axe":1,"minecraft:oak_sapling":1,"minecraft:iron_axe":1,"minecraft:sand":104,"minecraft:wooden_pickaxe":1},"minecraft:mined":{"minecraft:smithing_table":2,"minecraft:glass_pane":2,"minecraft:red_bed":1,"minecraft:crafting_table":1,"minecraft:short_grass":29,"minecraft:acacia_log":2,"minecraft:grass_block":17,"minecraft:melon":4,"minecraft:lectern":1,"minecraft:copper_ore":1,"minecraft:birch_slab":1,"minecraft:sugar_cane":12,"minecraft:oak_planks":43,"minecraft:hay_block":2,"minecraft:redstone_ore":1,"minecraft:birch_log":4,"minecraft:iron_ore":14,"minecraft:acacia_wood":5,"minecraft:acacia_stairs":25,"minecraft:andesite":2,"minecraft:coal_ore":5,"minecraft:dirt_path":45,"minecraft:deepslate_iron_ore":2,"minecraft:sand":80,"minecraft:gravel":65,"minecraft:acacia_door":12,"minecraft:dirt":56,"minecraft:cobweb":4,"minecraft:acacia_planks":24,"minecraft:stone":83,"minecraft:stonecutter":1,"minecraft:deepslate":1,"minecraft:orange_bed":1},"minecraft:killed_by":{"minecraft:zombie":1,"minecraft:iron_golem":4},"minecraft:custom":{"minecraft:interact_with_furnace":14,"minecraft:mob_kills":19,"minecraft:interact_with_crafting_table":18,"minecraft:bell_ring":54,"minecraft:leave_game":1,"minecraft:time_since_death":21522,"minecraft:sleep_in_bed":1,"minecraft:time_since_rest":21550,"minecraft:sprint_one_cm":193284,"minecraft:damage_taken":2240,"minecraft:walk_one_cm":346902,"minecraft:drop":10,"minecraft:damage_dealt":1887,"minecraft:swim_one_cm":26978,"minecraft:talked_to_villager":14,"minecraft:fly_one_cm":289334,"minecraft:open_chest":40,"minecraft:crouch_one_cm":1323,"minecraft:deaths":6,"minecraft:play_time":81960,"minecraft:sneak_time":732,"minecraft:walk_under_water_one_cm":13766,"minecraft:boat_one_cm":38732,"minecraft:jump":1399,"minecraft:walk_on_water_one_cm":30472,"minecraft:total_world_time":81960,"minecraft:fall_one_cm":33515}},"DataVersion":3955}