{"stats":{"minecraft:dropped":{"minecraft:wooden_axe":1,"minecraft:oak_sapling":1},"minecraft:killed_by":{"minecraft:iron_golem":2},"minecraft:crafted":{"minecraft:oak_planks":88,"minecraft:stone_shovel":1,"minecraft:crafting_table":1,"minecraft:stick":4,"minecraft:wooden_axe":1,"minecraft:furnace":1,"minecraft:birch_planks":16},"minecraft:picked_up":{"minecraft:birch_log":4,"minecraft:stick":2,"minecraft:wooden_pickaxe":1,"minecraft:birch_planks":10,"minecraft:torch":2,"minecraft:leather":4,"minecraft:acacia_wood":2,"minecraft:gravel":8,"minecraft:oak_log":22,"minecraft:dirt":208,"minecraft:red_bed":2,"minecraft:raw_copper":24,"minecraft:orange_bed":2,"minecraft:stone_sword":2,"minecraft:stone_shovel":1,"minecraft:stone_axe":2,"minecraft:wheat_seeds":5,"minecraft:iron_ingot":4,"minecraft:beef":2,"minecraft:stone_pickaxe":2,"minecraft:poppy":1,"minecraft:oak_sapling":1,"minecraft:black_wool":1,"minecraft:sugar_cane":24,"minecraft:mutton":10,"minecraft:oak_planks":84,"minecraft:white_wool":5,"minecraft:cobblestone":21},"minecraft:used":{"minecraft:wooden_axe":1,"minecraft:stone_sword":28,"minecraft:birch_planks":1,"minecraft:stone_shovel":106,"minecraft:bread":3,"minecraft:stone_pickaxe":25,"minecraft:stone_axe":4,"minecraft:orange_bed":1,"minecraft:dirt":14,"minecraft:crafting_table":1,"minecraft:red_bed":1,"minecraft:furnace":1},"minecraft:custom":{"minecraft:time_since_rest":2381,"minecraft:interact_with_furnace":1,"minecraft:sprint_one_cm":41280,"minecraft:damage_taken":729,"minecraft:walk_one_cm":104851,"minecraft:mob_kills":7,"minecraft:drop":2,"minecraft:damage_dealt":649,"minecraft:interact_with_crafting_table":4,"minecraft:swim_one_cm":1415,"minecraft:fly_one_cm":38311,"minecraft:open_chest":3,"minecraft:crouch_one_cm":135,"minecraft:play_time":17966,"minecraft:deaths":2,"minecraft:bell_ring":38,"minecraft:sneak_time":38,"minecraft:walk_under_water_one_cm":1405,"minecraft:jump":254,"minecraft:walk_on_water_one_cm":5248,"minecraft:time_since_death":2347,"minecraft:sleep_in_bed":1,"minecraft:total_world_time":17966,"minecraft:fall_one_cm":3925},"minecraft:killed":{"minecraft:sheep":4,"minecraft:zombie":1,"minecraft:villager":1,"minecraft:cow":1},"minecraft:mined":{"minecraft:red_bed":1,"minecraft:birch_log":4,"minecraft:short_grass":8,"minecraft:grass_block":14,"minecraft:dirt_path":45,"minecraft:gravel":4,"minecraft:dirt":56,"minecraft:stone":14,"minecraft:sugar_cane":5,"minecraft:orange_bed":1}},"DataVersion":3955}