{"stats":{"minecraft:dropped":{"minecraft:short_grass":1,"minecraft:wooden_axe":1,"minecraft:oak_sapling":1,"minecraft:wooden_pickaxe":1},"minecraft:killed_by":{"minecraft:iron_golem":4},"minecraft:crafted":{"minecraft:oak_planks":88,"minecraft:stone_shovel":1,"minecraft:cooked_porkchop":8,"minecraft:crafting_table":1,"minecraft:furnace":1,"minecraft:birch_planks":16,"minecraft:cooked_mutton":5,"minecraft:bread":6,"minecraft:air":0,"minecraft:oak_boat":1,"minecraft:stick":4,"minecraft:stone_pickaxe":1,"minecraft:wooden_axe":1,"minecraft:white_bed":1,"minecraft:wheat":18},"minecraft:picked_up":{"minecraft:birch_log":4,"minecraft:smithing_table":2,"minecraft:leather":6,"minecraft:wooden_pickaxe":3,"minecraft:acacia_wood":2,"minecraft:birch_planks":10,"minecraft:oak_log":22,"minecraft:dirt":208,"minecraft:red_bed":2,"minecraft:raw_copper":24,"minecraft:acacia_door":11,"minecraft:cooked_mutton":5,"minecraft:stonecutter":1,"minecraft:wheat_seeds":5,"minecraft:beef":3,"minecraft:iron_ingot":8,"minecraft:stone_pickaxe":3,"minecraft:oak_boat":1,"minecraft:poppy":1,"minecraft:lectern":1,"minecraft:sugar_cane":24,"minecraft:oak_planks":84,"minecraft:stick":3,"minecraft:torch":6,"minecraft:acacia_log":4,"minecraft:gravel":8,"minecraft:orange_bed":2,"minecraft:stone_sword":4,"minecraft:stone_shovel":3,"minecraft:stone_axe":4,"minecraft:short_grass":1,"minecraft:hay_block":2,"minecraft:bread":67,"minecraft:oak_sapling":1,"minecraft:black_wool":1,"minecraft:mutton":16,"minecraft:cobblestone":21,"minecraft:white_wool":9},"minecraft:used":{"minecraft:stone_sword":44,"minecraft:birch_planks":1,"minecraft:stone_shovel":106,"minecraft:stone_pickaxe":25,"minecraft:wooden_pickaxe":6,"minecraft:orange_bed":1,"minecraft:dirt":14,"minecraft:crafting_table":1,"minecraft:red_bed":1,"minecraft:white_bed":1,"minecraft:wooden_axe":1,"minecraft:bread":6,"minecraft:stone_axe":16,"minecraft:furnace":1,"minecraft:oak_boat":2},"minecraft:custom":{"minecraft:interact_with_furnace":7,"minecraft:mob_kills":12,"minecraft:interact_with_crafting_table":8,"minecraft:bell_ring":54,"minecraft:time_since_death":1218,"minecraft:sleep_in_bed":1,"minecraft:time_since_rest":1247,"minecraft:sprint_one_cm":75794,"minecraft:damage_taken":1543,"minecraft:walk_one_cm":159508,"minecraft:drop":4,"minecraft:damage_dealt":1079,"minecraft:swim_one_cm":1415,"minecraft:talked_to_villager":14,"minecraft:fly_one_cm":83925,"minecraft:open_chest":20,"minecraft:crouch_one_cm":149,"minecraft:play_time":29966,"minecraft:deaths":4,"minecraft:sneak_time":57,"minecraft:walk_under_water_one_cm":1620,"minecraft:boat_one_cm":38732,"minecraft:jump":407,"minecraft:walk_on_water_one_cm":5341,"minecraft:total_world_time":29966,"minecraft:fall_one_cm":6131},"minecraft:killed":{"minecraft:sheep":8,"minecraft:zombie":1,"minecraft:villager":1,"minecraft:cow":2},"minecraft:mined":{"minecraft:smithing_table":2,"minecraft:glass_pane":1,"minecraft:red_bed":1,"minecraft:short_grass":13,"minecraft:grass_block":14,"minecraft:lectern":1,"minecraft:sugar_cane":5,"minecraft:hay_block":2,"minecraft:birch_log":4,"minecraft:dirt_path":45,"minecraft:acacia_door":12,"minecraft:gravel":4,"minecraft:dirt":56,"minecraft:stonecutter":1,"minecraft:stone":14,"minecraft:orange_bed":1}},"DataVersion":3955}