{"stats":{"minecraft:used":{"minecraft:iron_shovel":756,"minecraft:dispenser":12,"minecraft:spruce_slab":191,"minecraft:ladder":7,"minecraft:elytra":3,"minecraft:chest":17,"minecraft:shield":4,"minecraft:iron_sword":26,"minecraft:bell":3,"minecraft:rotten_flesh":1,"minecraft:carrot":263,"minecraft:tuff":17,"minecraft:obsidian":24,"minecraft:glass":4,"minecraft:spruce_boat":13,"minecraft:deepslate_copper_ore":8,"minecraft:grass_block":124,"minecraft:stone_bricks":10,"minecraft:deepslate_diamond_ore":27,"minecraft:repeater":20,"minecraft:bow":123,"minecraft:sweet_berries":7,"minecraft:blue_shulker_box":17,"minecraft:furnace":1,"minecraft:diamond_boots":3,"minecraft:diorite":7,"minecraft:end_stone_bricks":1841,"minecraft:stone_pickaxe":601,"minecraft:oak_planks":11,"minecraft:lime_concrete_powder":643,"minecraft:ender_pearl":31,"minecraft:wooden_pickaxe":29,"minecraft:composter":6,"minecraft:diamond_axe":791,"minecraft:sugar_cane":37,"minecraft:oak_leaves":568,"minecraft:loom":9,"minecraft:blast_furnace":4,"minecraft:deepslate_redstone_ore":22,"minecraft:shears":658,"minecraft:end_stone":15,"minecraft:deepslate_lapis_ore":2,"minecraft:redstone_torch":2,"minecraft:firework_rocket":121,"minecraft:deepslate_iron_ore":79,"minecraft:bread":27,"minecraft:lectern":32,"minecraft:deepslate":3,"minecraft:gravel":111,"minecraft:diamond_sword":1502,"minecraft:grindstone":2,"minecraft:smithing_table":2,"minecraft:chain":1,"minecraft:andesite":35,"minecraft:bone_meal":212,"minecraft:oak_fence":1,"minecraft:oak_trapdoor":17,"minecraft:enchanting_table":1,"minecraft:flint_and_steel":18,"minecraft:stone_shovel":370,"minecraft:redstone":4,"minecraft:spruce_planks":684,"minecraft:deepslate_gold_ore":33,"minecraft:stone_hoe":141,"minecraft:netherrack":3680,"minecraft:torch":5,"minecraft:dirt":317,"minecraft:anvil":2,"minecraft:hopper":10,"minecraft:diamond_helmet":1,"minecraft:granite":14,"minecraft:small_dripleaf":8,"minecraft:red_shulker_box":8,"minecraft:wooden_axe":50,"minecraft:bookshelf":27,"minecraft:barrel":1,"minecraft:diamond_chestplate":3,"minecraft:lime_concrete":128,"minecraft:golden_carrot":99,"minecraft:beef":6,"minecraft:minecart":1,"minecraft:cobbled_deepslate":12,"minecraft:observer":12,"minecraft:water_bucket":107,"minecraft:iron_ore":29,"minecraft:red_mushroom_block":1,"minecraft:fletching_table":6,"minecraft:rail":5,"minecraft:comparator":4,"minecraft:crafting_table":14,"minecraft:red_mushroom":2,"minecraft:white_bed":3,"minecraft:magenta_carpet":207,"minecraft:spruce_log":68,"minecraft:flower_pot":1,"minecraft:ender_eye":10,"minecraft:diamond_pickaxe":11572,"minecraft:diamond_shovel":3694,"minecraft:iron_pickaxe":102,"minecraft:suspicious_stew":6,"minecraft:lapis_ore":5,"minecraft:spruce_trapdoor":13,"minecraft:spruce_sapling":447,"minecraft:stone_axe":305,"minecraft:cobblestone":197,"minecraft:bucket":120,"minecraft:pumpkin_pie":29,"minecraft:yellow_bed":9,"minecraft:diamond_leggings":3},"minecraft:picked_up":{"minecraft:wooden_axe":3,"minecraft:wheat":1,"minecraft:suspicious_stew":7,"minecraft:nether_brick_fence":2,"minecraft:flower_pot":2,"minecraft:yellow_wool":4,"minecraft:smithing_table":1,"minecraft:magenta_carpet":9,"minecraft:diamond_sword":1,"minecraft:oak_stairs":79,"minecraft:string":33,"minecraft:raw_copper":123,"minecraft:deepslate_lapis_ore":2,"minecraft:diamond_leggings":1,"minecraft:cobbled_deepslate":326,"minecraft:gold_nugget":532,"minecraft:smooth_stone":1,"minecraft:comparator":3,"minecraft:spruce_planks":868,"minecraft:redstone_torch":1,"minecraft:rose_bush":1,"minecraft:cobblestone_slab":2,"minecraft:deepslate_iron_ore":79,"minecraft:furnace":1,"minecraft:tipped_arrow":5,"minecraft:stick":2259,"minecraft:composter":5,"minecraft:oak_fence":40,"minecraft:torch":54,"minecraft:diorite":16,"minecraft:cauldron":4,"minecraft:cactus":42,"minecraft:rotten_flesh":60,"minecraft:bookshelf":6,"minecraft:deepslate_copper_ore":8,"minecraft:blaze_rod":35,"minecraft:obsidian":31,"minecraft:iron_bars":8,"minecraft:cobblestone":870,"minecraft:enchanting_table":1,"minecraft:magma_block":26,"minecraft:leather_chestplate":1,"minecraft:iron_door":4,"minecraft:water_bucket":2,"minecraft:andesite":94,"minecraft:potato":3,"minecraft:flint":113,"minecraft:tuff":27,"minecraft:lapis_lazuli":456,"minecraft:dirt":483,"minecraft:leather_boots":2,"minecraft:glass":7,"minecraft:bone":61,"minecraft:bow":5,"minecraft:wheat_seeds":40,"minecraft:raw_gold":100,"minecraft:bell":3,"minecraft:grindstone":2,"minecraft:diamond_helmet":1,"minecraft:fletching_table":5,"minecraft:mossy_stone_bricks":23,"minecraft:oak_planks":75,"minecraft:sand":2386,"minecraft:ink_sac":3,"minecraft:loom":8,"minecraft:grass_block":124,"minecraft:mossy_cobblestone":33,"minecraft:yellow_carpet":3,"minecraft:diamond":84,"minecraft:deepslate":77,"minecraft:spruce_boat":11,"minecraft:deepslate_gold_ore":33,"minecraft:granite":42,"minecraft:bone_meal":149,"minecraft:bread":21,"minecraft:emerald":59,"minecraft:oak_sapling":18,"minecraft:netherrack":4466,"minecraft:oak_leaves":643,"minecraft:diamond_pickaxe":3,"minecraft:end_stone_bricks":42,"minecraft:spruce_leaves":4,"minecraft:crafting_table":11,"minecraft:azure_bluet":1,"minecraft:ladder":20,"minecraft:wooden_pickaxe":1,"minecraft:shield":3,"minecraft:cornflower":3,"minecraft:oak_trapdoor":16,"minecraft:elytra":2,"minecraft:flint_and_steel":1,"minecraft:iron_shovel":3,"minecraft:blackstone":59,"minecraft:cracked_stone_bricks":14,"minecraft:deepslate_diamond_ore":27,"minecraft:beef":8,"minecraft:poppy":6,"minecraft:spruce_slab":104,"minecraft:lectern":29,"minecraft:sugar_cane":393,"minecraft:blue_shulker_box":18,"minecraft:chest":2,"minecraft:diamond_hoe":10,"minecraft:raw_iron":427,"minecraft:end_stone":2062,"minecraft:stone":133,"minecraft:oak_door":3,"minecraft:white_dye":6,"minecraft:cookie":144,"minecraft:carrot":909,"minecraft:redstone":152,"minecraft:mushroom_stem":4,"minecraft:arrow":58,"minecraft:red_shulker_box":10,"minecraft:diamond_chestplate":1,"minecraft:beetroot_seeds":2,"minecraft:nether_bricks":42,"minecraft:shears":10,"minecraft:diamond_boots":1,"minecraft:gold_ingot":63,"minecraft:rail":19,"minecraft:lime_concrete_powder":41,"minecraft:white_wool":4,"minecraft:lapis_ore":5,"minecraft:stripped_oak_log":1,"minecraft:basalt":48,"minecraft:golden_carrot":6,"minecraft:leather":8,"minecraft:red_mushroom_block":64,"minecraft:red_mushroom":4,"minecraft:oak_log":138,"minecraft:chainmail_chestplate":12,"minecraft:ancient_debris":7,"minecraft:gunpowder":45,"minecraft:yellow_bed":13,"minecraft:cobblestone_wall":4,"minecraft:cobblestone_stairs":18,"minecraft:paper":2,"minecraft:apple":1,"minecraft:stone_bricks":38,"minecraft:oak_fence_gate":3,"minecraft:iron_ingot":5,"minecraft:stone_pickaxe":1,"minecraft:iron_ore":29,"minecraft:stripped_oak_wood":2,"minecraft:glass_bottle":3,"minecraft:iron_sword":1,"minecraft:book":605,"minecraft:oak_slab":9,"minecraft:sweet_berries":19,"minecraft:dandelion":14,"minecraft:quartz":622,"minecraft:lime_concrete":128,"minecraft:gravel":2002,"minecraft:spruce_sapling":952,"minecraft:blast_furnace":3,"minecraft:white_bed":4,"minecraft:spruce_log":11649,"minecraft:spider_eye":7,"minecraft:firework_rocket":77,"minecraft:diamond_shovel":1,"minecraft:slime_ball":264,"minecraft:stone_axe":10,"minecraft:deepslate_redstone_ore":22,"minecraft:diamond_axe":2,"minecraft:baked_potato":1,"minecraft:coal":425,"minecraft:ender_pearl":4075},"minecraft:killed_by":{"minecraft:skeleton":1},"minecraft:custom":{"minecraft:interact_with_crafting_table":133,"minecraft:open_barrel":18,"minecraft:open_shulker_box":53,"minecraft:bell_ring":68,"minecraft:leave_game":20,"minecraft:time_since_death":42248,"minecraft:sprint_one_cm":2092984,"minecraft:damage_blocked_by_shield":280,"minecraft:drop":845,"minecraft:talked_to_villager":539,"minecraft:play_time":738762,"minecraft:deaths":1,"minecraft:jump":9088,"minecraft:walk_on_water_one_cm":101568,"minecraft:enchant_item":70,"minecraft:interact_with_furnace":115,"minecraft:traded_with_villager":1640,"minecraft:interact_with_loom":1,"minecraft:sleep_in_bed":20,"minecraft:damage_dealt":92466,"minecraft:player_kills":1,"minecraft:crouch_one_cm":492367,"minecraft:inspect_dispenser":13,"minecraft:mob_kills":5312,"minecraft:interact_with_anvil":26,"minecraft:climb_one_cm":10623,"minecraft:walk_one_cm":2021498,"minecraft:sneak_time":100476,"minecraft:walk_under_water_one_cm":110019,"minecraft:boat_one_cm":120520,"minecraft:total_world_time":738762,"minecraft:pot_flower":2,"minecraft:interact_with_grindstone":53,"minecraft:time_since_rest":13767,"minecraft:damage_taken":9049,"minecraft:swim_one_cm":76166,"minecraft:fly_one_cm":1968659,"minecraft:open_chest":585,"minecraft:aviate_one_cm":5649731,"minecraft:fall_one_cm":174438},"minecraft:dropped":{"minecraft:blue_shulker_box":1,"minecraft:diamond_axe":2,"minecraft:iron_sword":2,"minecraft:lapis_lazuli":1,"minecraft:baked_potato":1,"minecraft:ender_pearl":4789,"minecraft:glass_bottle":3,"minecraft:cookie":144,"minecraft:cracked_stone_bricks":14,"minecraft:fletching_table":1,"minecraft:rail":30,"minecraft:emerald":19,"minecraft:red_mushroom":1,"minecraft:cobblestone_stairs":1,"minecraft:flint":6,"minecraft:spruce_leaves":4,"minecraft:dirt":57,"minecraft:cornflower":1,"minecraft:chain":3,"minecraft:pumpkin_pie":19,"minecraft:gold_nugget":81,"minecraft:bone_meal":44,"minecraft:sand":528,"minecraft:white_wool":3,"minecraft:bone":18,"minecraft:oak_door":2,"minecraft:gravel":11,"minecraft:stone_axe":15,"minecraft:sugar_cane":11,"minecraft:lever":1,"minecraft:iron_nugget":1,"minecraft:cobbled_deepslate":126,"minecraft:yellow_wool":4,"minecraft:rotten_flesh":53,"minecraft:oak_planks":41,"minecraft:end_stone":23,"minecraft:white_bed":1,"minecraft:carrot":653,"minecraft:mushroom_stem":4,"minecraft:chainmail_chestplate":24,"minecraft:poppy":3,"minecraft:leather_chestplate":1,"minecraft:red_mushroom_block":63,"minecraft:tipped_arrow":4,"minecraft:leather_boots":2,"minecraft:ladder":8,"minecraft:iron_bars":8,"minecraft:white_dye":6,"minecraft:spruce_slab":28,"minecraft:arrow":28,"minecraft:end_stone_bricks":4,"minecraft:basalt":17,"minecraft:glass":12,"minecraft:quartz":128,"minecraft:magenta_wool":1,"minecraft:oak_leaves":75,"minecraft:netherrack":610,"minecraft:firework_rocket":4,"minecraft:iron_ingot":1,"minecraft:stone_hoe":1,"minecraft:oak_slab":6,"minecraft:wheat_seeds":24,"minecraft:mossy_cobblestone":1,"minecraft:oak_fence":21,"minecraft:book":116,"minecraft:cobblestone":277,"minecraft:apple":1,"minecraft:granite":28,"minecraft:spruce_button":64,"minecraft:stick":4095,"minecraft:diorite":9,"minecraft:ink_sac":3,"minecraft:torch":18,"minecraft:wooden_axe":3,"minecraft:iron_door":4,"minecraft:smooth_stone":1,"minecraft:iron_shovel":3,"minecraft:string":22,"minecraft:bucket":1,"minecraft:spruce_sapling":66,"minecraft:dandelion":4,"minecraft:sweet_berries":12,"minecraft:cobblestone_wall":2,"minecraft:raw_copper":60,"minecraft:deepslate":74,"minecraft:bowl":6,"minecraft:diamond_hoe":10,"minecraft:tuff":10,"minecraft:iron_boots":1,"minecraft:stone_slab":5,"minecraft:ender_eye":2,"minecraft:shears":21,"minecraft:suspicious_stew":7,"minecraft:flint_and_steel":2,"minecraft:spruce_boat":1,"minecraft:stone":40,"minecraft:shield":4,"minecraft:spruce_planks":617,"minecraft:mossy_stone_bricks":23,"minecraft:andesite":59,"minecraft:yellow_bed":3,"minecraft:oak_sapling":16,"minecraft:spider_eye":6,"minecraft:stone_bricks":28,"minecraft:spruce_log":159,"minecraft:bow":7,"minecraft:stone_pickaxe":1,"minecraft:magma_block":26},"minecraft:mined":{"minecraft:red_shulker_box":7,"minecraft:spruce_planks":479,"minecraft:white_bed":5,"minecraft:oak_sapling":13,"minecraft:farmland":25,"minecraft:cobblestone_stairs":19,"minecraft:obsidian":33,"minecraft:granite":54,"minecraft:grass_block":299,"minecraft:composter":5,"minecraft:smooth_stone":1,"minecraft:tall_seagrass":3,"minecraft:magma_block":52,"minecraft:iron_ore":26,"minecraft:cobbled_deepslate":4,"minecraft:fire":21,"minecraft:potted_red_mushroom":1,"minecraft:fletching_table":5,"minecraft:deepslate_lapis_ore":4,"minecraft:azure_bluet":1,"minecraft:enchanting_table":1,"minecraft:water_cauldron":4,"minecraft:dirt_path":15,"minecraft:iron_bars":8,"minecraft:end_stone_bricks":55,"minecraft:spruce_slab":106,"minecraft:deepslate_redstone_ore":6,"minecraft:magenta_carpet":8,"minecraft:blackstone":94,"minecraft:soul_fire":2,"minecraft:torch":10,"minecraft:blast_furnace":3,"minecraft:poppy":1,"minecraft:chest":2,"minecraft:white_stained_glass_pane":10,"minecraft:dead_bush":1,"minecraft:mushroom_stem":8,"minecraft:glass":18,"minecraft:nether_quartz_ore":27,"minecraft:cobblestone":321,"minecraft:grindstone":2,"minecraft:sugar_cane":292,"minecraft:oak_planks":23,"minecraft:iron_door":18,"minecraft:wall_torch":5,"minecraft:seagrass":6,"minecraft:yellow_wool":3,"minecraft:wheat":2,"minecraft:stripped_oak_wood":2,"minecraft:lime_concrete":131,"minecraft:smooth_stone_slab":1,"minecraft:yellow_stained_glass_pane":10,"minecraft:oak_log":6,"minecraft:oak_fence_gate":3,"minecraft:loom":8,"minecraft:sand":2328,"minecraft:dirt":191,"minecraft:blue_shulker_box":17,"minecraft:netherrack":7685,"minecraft:red_mushroom_block":85,"minecraft:ancient_debris":7,"minecraft:oak_leaves":697,"minecraft:deepslate":380,"minecraft:nether_gold_ore":14,"minecraft:tuff":29,"minecraft:mossy_cobblestone":27,"minecraft:deepslate_diamond_ore":12,"minecraft:oak_door":1,"minecraft:end_stone":2058,"minecraft:nether_bricks":48,"minecraft:ladder":3,"minecraft:spruce_leaves":250,"minecraft:large_fern":1,"minecraft:oak_trapdoor":16,"minecraft:spruce_sapling":48,"minecraft:furnace":1,"minecraft:carrots":173,"minecraft:andesite":93,"minecraft:bell":3,"minecraft:nether_brick_fence":2,"minecraft:bookshelf":169,"minecraft:rail":3,"minecraft:deepslate_iron_ore":24,"minecraft:cobblestone_slab":2,"minecraft:stone":626,"minecraft:white_wool":3,"minecraft:smithing_table":1,"minecraft:podzol":48,"minecraft:oak_slab":6,"minecraft:glass_pane":3,"minecraft:comparator":3,"minecraft:infested_stone_bricks":4,"minecraft:basalt":48,"minecraft:dandelion":13,"minecraft:oak_fence":34,"minecraft:crafting_table":11,"minecraft:cornflower":3,"minecraft:short_grass":163,"minecraft:lime_concrete_powder":2,"minecraft:lectern":29,"minecraft:tall_grass":13,"minecraft:deepslate_gold_ore":9,"minecraft:lapis_ore":2,"minecraft:diorite":17,"minecraft:cactus":7,"minecraft:cobblestone_wall":4,"minecraft:redstone_torch":1,"minecraft:sweet_berry_bush":6,"minecraft:spruce_log":11,"minecraft:yellow_bed":13,"minecraft:coal_ore":14,"minecraft:gravel":2076,"minecraft:cobweb":14,"minecraft:cracked_stone_bricks":17,"minecraft:stone_bricks":47,"minecraft:small_dripleaf":1,"minecraft:mossy_stone_bricks":27,"minecraft:fern":6,"minecraft:infested_stone":1},"minecraft:broken":{"minecraft:iron_shovel":3,"minecraft:shears":2,"minecraft:stone_pickaxe":3,"minecraft:stone_axe":1,"minecraft:stone_shovel":1,"minecraft:stone_hoe":1,"minecraft:iron_pickaxe":1},"minecraft:crafted":{"minecraft:oak_planks":432,"minecraft:smooth_stone":3,"minecraft:barrel":1,"minecraft:blaze_powder":36,"minecraft:chain":4,"minecraft:loom":1,"minecraft:stone":86,"minecraft:lever":1,"minecraft:diamond_shovel":2,"minecraft:bookshelf":24,"minecraft:suspicious_stew":7,"minecraft:green_dye":42,"minecraft:glass":141,"minecraft:hopper":16,"minecraft:repeater":27,"minecraft:diamond_helmet":2,"minecraft:diamond_leggings":1,"minecraft:bow":18,"minecraft:iron_boots":1,"minecraft:comparator":1,"minecraft:chest":37,"minecraft:rail":16,"minecraft:stone_hoe":2,"minecraft:ender_eye":12,"minecraft:oak_fence":3,"minecraft:lime_concrete_powder":672,"minecraft:arrow":48,"minecraft:emerald":1651,"minecraft:diamond_axe":6,"minecraft:crafting_table":7,"minecraft:spruce_planks":37444,"minecraft:chainmail_chestplate":12,"minecraft:smithing_table":1,"minecraft:fletching_table":2,"minecraft:dispenser":12,"minecraft:spruce_trapdoor":34,"minecraft:lectern":3,"minecraft:book":8,"minecraft:emerald_block":108,"minecraft:paper":471,"minecraft:diamond_pickaxe":3,"minecraft:shield":4,"minecraft:stick":72340,"minecraft:iron_ingot":377,"minecraft:iron_pickaxe":2,"minecraft:iron_block":6,"minecraft:gold_ingot":113,"minecraft:redstone_torch":58,"minecraft:composter":2,"minecraft:shears":13,"minecraft:small_dripleaf":8,"minecraft:golden_carrot":120,"minecraft:cookie":8,"minecraft:magenta_wool":133,"minecraft:stone_shovel":5,"minecraft:iron_nugget":9,"minecraft:diamond_hoe":12,"minecraft:spruce_button":128,"minecraft:furnace":2,"minecraft:blast_furnace":1,"minecraft:bone_meal":48,"minecraft:oak_trapdoor":8,"minecraft:end_stone_bricks":2024,"minecraft:flint_and_steel":1,"minecraft:ladder":21,"minecraft:spruce_slab":702,"minecraft:lime_dye":84,"minecraft:stone_pickaxe":6,"minecraft:diamond_boots":3,"minecraft:spruce_boat":5,"minecraft:minecart":1,"minecraft:observer":12,"minecraft:diamond_sword":3,"minecraft:iron_sword":1,"minecraft:bucket":13,"minecraft:stone_axe":53,"minecraft:enchanted_book":11,"minecraft:bread":60,"minecraft:air":0,"minecraft:white_dye":48,"minecraft:wooden_axe":3,"minecraft:iron_shovel":3,"minecraft:anvil":2,"minecraft:pumpkin_pie":48,"minecraft:magenta_carpet":198,"minecraft:lapis_lazuli":171,"minecraft:lapis_block":22,"minecraft:diamond_chestplate":1,"minecraft:firework_rocket":150},"minecraft:killed":{"minecraft:zombified_piglin":3,"minecraft:witch":2,"minecraft:spider":19,"minecraft:skeleton":27,"minecraft:silverfish":6,"minecraft:piglin_brute":4,"minecraft:piglin":4,"minecraft:iron_golem":1,"minecraft:creeper":18,"minecraft:zombie":36,"minecraft:blaze":21,"minecraft:cow":4,"minecraft:bogged":5,"minecraft:slime":119,"minecraft:phantom":2,"minecraft:horse":1,"minecraft:drowned":6,"minecraft:enderman":4766}},"DataVersion":3953}