{"minecraft:recipes/decorations/crafting_table":{"criteria":{"unlock_right_away":"2024-10-08 19:11:06 +0000"},"done":true},"minecraft:adventure/adventuring_time":{"criteria":{"minecraft:beach":"2024-10-08 19:17:00 +0000","minecraft:forest":"2024-10-08 19:12:57 +0000","minecraft:river":"2024-10-08 19:16:22 +0000","minecraft:lukewarm_ocean":"2024-10-08 19:17:52 +0000","minecraft:savanna":"2024-10-08 19:16:39 +0000","minecraft:plains":"2024-10-08 19:11:07 +0000"},"done":false},"minecraft:adventure/root":{"criteria":{"killed_something":"2024-10-08 19:12:14 +0000"},"done":true},"minecraft:adventure/kill_all_mobs":{"criteria":{"minecraft:spider":"2024-10-08 21:50:12 +0000","minecraft:zombie":"2024-10-08 19:12:14 +0000","minecraft:zombie_villager":"2024-10-08 19:45:37 +0000"},"done":false},"minecraft:adventure/kill_a_mob":{"criteria":{"minecraft:zombie":"2024-10-08 19:12:14 +0000"},"done":true},"minecraft:recipes/building_blocks/birch_planks":{"criteria":{"has_logs":"2024-10-08 19:13:00 +0000"},"done":true},"minecraft:recipes/misc/charcoal":{"criteria":{"has_log":"2024-10-08 19:13:00 +0000"},"done":true},"minecraft:recipes/building_blocks/birch_wood":{"criteria":{"has_log":"2024-10-08 19:13:00 +0000"},"done":true},"minecraft:recipes/redstone/birch_button":{"criteria":{"has_planks":"2024-10-08 19:13:06 +0000"},"done":true},"minecraft:recipes/redstone/birch_door":{"criteria":{"has_planks":"2024-10-08 19:13:06 +0000"},"done":true},"minecraft:recipes/decorations/birch_fence":{"criteria":{"has_planks":"2024-10-08 19:13:06 +0000"},"done":true},"minecraft:recipes/redstone/birch_trapdoor":{"criteria":{"has_planks":"2024-10-08 19:13:06 +0000"},"done":true},"minecraft:recipes/misc/stick":{"criteria":{"has_planks":"2024-10-08 19:13:06 +0000"},"done":true},"minecraft:recipes/decorations/birch_sign":{"criteria":{"has_planks":"2024-10-08 19:13:06 +0000"},"done":true},"minecraft:recipes/redstone/birch_fence_gate":{"criteria":{"has_planks":"2024-10-08 19:13:06 +0000"},"done":true},"minecraft:recipes/decorations/barrel":{"criteria":{"has_planks":"2024-10-08 19:13:06 +0000"},"done":true},"minecraft:recipes/redstone/birch_pressure_plate":{"criteria":{"has_planks":"2024-10-08 19:13:06 +0000"},"done":true},"minecraft:recipes/building_blocks/birch_slab":{"criteria":{"has_planks":"2024-10-08 19:13:06 +0000"},"done":true},"minecraft:recipes/building_blocks/birch_stairs":{"criteria":{"has_planks":"2024-10-08 19:13:06 +0000"},"done":true},"minecraft:recipes/decorations/ladder":{"criteria":{"has_stick":"2024-10-08 19:13:13 +0000"},"done":true},"minecraft:recipes/decorations/campfire":{"criteria":{"has_stick":"2024-10-08 19:13:13 +0000"},"done":true},"minecraft:recipes/tools/wooden_hoe":{"criteria":{"has_stick":"2024-10-08 19:13:13 +0000"},"done":true},"minecraft:recipes/tools/wooden_pickaxe":{"criteria":{"has_stick":"2024-10-08 19:13:13 +0000"},"done":true},"minecraft:recipes/tools/wooden_axe":{"criteria":{"has_stick":"2024-10-08 19:13:13 +0000"},"done":true},"minecraft:recipes/tools/wooden_shovel":{"criteria":{"has_stick":"2024-10-08 19:13:13 +0000"},"done":true},"minecraft:recipes/combat/wooden_sword":{"criteria":{"has_stick":"2024-10-08 19:13:13 +0000"},"done":true},"minecraft:story/root":{"criteria":{"crafting_table":"2024-10-08 19:13:13 +0000"},"done":true},"minecraft:recipes/building_blocks/oak_planks":{"criteria":{"has_logs":"2024-10-08 19:13:30 +0000"},"done":true},"minecraft:recipes/building_blocks/oak_wood":{"criteria":{"has_log":"2024-10-08 19:13:30 +0000"},"done":true},"minecraft:husbandry/balanced_diet":{"criteria":{"apple":"2024-10-08 19:14:04 +0000","bread":"2024-10-08 19:47:01 +0000","cooked_mutton":"2024-10-08 19:18:49 +0000"},"done":false},"minecraft:husbandry/root":{"criteria":{"consumed_item":"2024-10-08 19:14:04 +0000"},"done":true},"minecraft:recipes/redstone/lever":{"criteria":{"has_cobblestone":"2024-10-08 19:14:14 +0000"},"done":true},"minecraft:recipes/combat/stone_sword":{"criteria":{"has_cobblestone":"2024-10-08 19:14:14 +0000"},"done":true},"minecraft:recipes/decorations/cobblestone_wall":{"criteria":{"has_cobblestone":"2024-10-08 19:14:14 +0000"},"done":true},"minecraft:recipes/tools/stone_pickaxe":{"criteria":{"has_cobblestone":"2024-10-08 19:14:14 +0000"},"done":true},"minecraft:recipes/tools/stone_axe":{"criteria":{"has_cobblestone":"2024-10-08 19:14:14 +0000"},"done":true},"minecraft:story/mine_stone":{"criteria":{"get_stone":"2024-10-08 19:14:14 +0000"},"done":true},"minecraft:recipes/decorations/furnace":{"criteria":{"has_cobblestone":"2024-10-08 19:14:14 +0000"},"done":true},"minecraft:recipes/building_blocks/cobblestone_slab":{"criteria":{"has_cobblestone":"2024-10-08 19:14:14 +0000"},"done":true},"minecraft:recipes/building_blocks/cobblestone_slab_from_cobblestone_stonecutting":{"criteria":{"has_cobblestone":"2024-10-08 19:14:14 +0000"},"done":true},"minecraft:recipes/building_blocks/stone":{"criteria":{"has_cobblestone":"2024-10-08 19:14:14 +0000"},"done":true},"minecraft:recipes/decorations/cobblestone_wall_from_cobblestone_stonecutting":{"criteria":{"has_cobblestone":"2024-10-08 19:14:14 +0000"},"done":true},"minecraft:recipes/building_blocks/cobblestone_stairs_from_cobblestone_stonecutting":{"criteria":{"has_cobblestone":"2024-10-08 19:14:14 +0000"},"done":true},"minecraft:recipes/building_blocks/cobblestone_stairs":{"criteria":{"has_cobblestone":"2024-10-08 19:14:14 +0000"},"done":true},"minecraft:recipes/tools/stone_hoe":{"criteria":{"has_cobblestone":"2024-10-08 19:14:14 +0000"},"done":true},"minecraft:recipes/tools/stone_shovel":{"criteria":{"has_cobblestone":"2024-10-08 19:14:14 +0000"},"done":true},"minecraft:recipes/transportation/mangrove_boat":{"criteria":{"in_water":"2024-10-08 19:14:15 +0000"},"done":true},"minecraft:recipes/transportation/acacia_boat":{"criteria":{"in_water":"2024-10-08 19:14:15 +0000"},"done":true},"minecraft:recipes/transportation/cherry_boat":{"criteria":{"in_water":"2024-10-08 19:14:15 +0000"},"done":true},"minecraft:recipes/transportation/bamboo_raft":{"criteria":{"in_water":"2024-10-08 19:14:15 +0000"},"done":true},"minecraft:recipes/transportation/spruce_boat":{"criteria":{"in_water":"2024-10-08 19:14:15 +0000"},"done":true},"minecraft:recipes/transportation/birch_boat":{"criteria":{"in_water":"2024-10-08 19:14:15 +0000"},"done":true},"minecraft:recipes/transportation/oak_boat":{"criteria":{"in_water":"2024-10-08 19:14:15 +0000"},"done":true},"minecraft:recipes/transportation/jungle_boat":{"criteria":{"in_water":"2024-10-08 19:14:15 +0000"},"done":true},"minecraft:recipes/transportation/dark_oak_boat":{"criteria":{"in_water":"2024-10-08 19:14:15 +0000"},"done":true},"minecraft:recipes/decorations/torch":{"criteria":{"has_stone_pickaxe":"2024-10-08 19:14:25 +0000"},"done":true},"minecraft:story/upgrade_tools":{"criteria":{"stone_pickaxe":"2024-10-08 19:14:25 +0000"},"done":true},"minecraft:recipes/misc/copper_ingot_from_blasting_raw_copper":{"criteria":{"has_raw_copper":"2024-10-08 19:14:34 +0000"},"done":true},"minecraft:recipes/building_blocks/raw_copper_block":{"criteria":{"has_raw_copper":"2024-10-08 19:14:34 +0000"},"done":true},"minecraft:recipes/misc/copper_ingot_from_smelting_raw_copper":{"criteria":{"has_raw_copper":"2024-10-08 19:14:34 +0000"},"done":true},"minecraft:recipes/decorations/smoker":{"criteria":{"has_furnace":"2024-10-08 19:15:43 +0000"},"done":true},"minecraft:recipes/decorations/chest":{"criteria":{"has_lots_of_items":"2024-10-08 19:15:43 +0000"},"done":true},"minecraft:recipes/transportation/dark_oak_chest_boat":{"criteria":{"has_boat":"2024-10-08 19:16:27 +0000"},"done":true},"minecraft:recipes/transportation/bamboo_chest_raft":{"criteria":{"has_boat":"2024-10-08 19:16:27 +0000"},"done":true},"minecraft:recipes/transportation/spruce_chest_boat":{"criteria":{"has_boat":"2024-10-08 19:16:27 +0000"},"done":true},"minecraft:recipes/transportation/jungle_chest_boat":{"criteria":{"has_boat":"2024-10-08 19:16:27 +0000"},"done":true},"minecraft:recipes/transportation/acacia_chest_boat":{"criteria":{"has_boat":"2024-10-08 19:16:27 +0000"},"done":true},"minecraft:recipes/transportation/mangrove_chest_boat":{"criteria":{"has_boat":"2024-10-08 19:16:27 +0000"},"done":true},"minecraft:recipes/transportation/oak_chest_boat":{"criteria":{"has_boat":"2024-10-08 19:16:27 +0000"},"done":true},"minecraft:recipes/transportation/cherry_chest_boat":{"criteria":{"has_boat":"2024-10-08 19:16:27 +0000"},"done":true},"minecraft:recipes/transportation/birch_chest_boat":{"criteria":{"has_boat":"2024-10-08 19:16:27 +0000"},"done":true},"minecraft:recipes/food/cooked_mutton_from_smoking":{"criteria":{"has_mutton":"2024-10-08 19:17:33 +0000"},"done":true},"minecraft:recipes/food/cooked_mutton":{"criteria":{"has_mutton":"2024-10-08 19:17:33 +0000"},"done":true},"minecraft:recipes/decorations/white_banner":{"criteria":{"has_white_wool":"2024-10-08 19:17:33 +0000"},"done":true},"minecraft:recipes/decorations/painting":{"criteria":{"has_wool":"2024-10-08 19:17:33 +0000"},"done":true},"minecraft:recipes/food/cooked_mutton_from_campfire_cooking":{"criteria":{"has_mutton":"2024-10-08 19:17:33 +0000"},"done":true},"minecraft:recipes/decorations/white_bed":{"criteria":{"has_white_wool":"2024-10-08 19:17:33 +0000"},"done":true},"minecraft:recipes/decorations/white_carpet":{"criteria":{"has_white_wool":"2024-10-08 19:17:33 +0000"},"done":true},"minecraft:recipes/building_blocks/coal_block":{"criteria":{"has_coal":"2024-10-08 19:18:04 +0000"},"done":true},"minecraft:recipes/food/bread":{"criteria":{"has_wheat":"2024-10-08 19:18:05 +0000"},"done":true},"minecraft:recipes/building_blocks/hay_block":{"criteria":{"has_wheat":"2024-10-08 19:18:05 +0000"},"done":true},"minecraft:recipes/decorations/composter":{"criteria":{"has_wood_slab":"2024-10-08 19:19:24 +0000"},"done":true},"minecraft:recipes/food/cooked_porkchop":{"criteria":{"has_porkchop":"2024-10-08 19:19:47 +0000"},"done":true},"minecraft:recipes/food/cooked_porkchop_from_campfire_cooking":{"criteria":{"has_porkchop":"2024-10-08 19:19:47 +0000"},"done":true},"minecraft:recipes/food/cooked_porkchop_from_smoking":{"criteria":{"has_porkchop":"2024-10-08 19:19:47 +0000"},"done":true},"minecraft:recipes/combat/iron_sword":{"criteria":{"has_iron_ingot":"2024-10-08 19:20:44 +0000"},"done":true},"minecraft:recipes/tools/iron_pickaxe":{"criteria":{"has_iron_ingot":"2024-10-08 19:20:44 +0000"},"done":true},"minecraft:recipes/combat/iron_leggings":{"criteria":{"has_iron_ingot":"2024-10-08 19:20:44 +0000"},"done":true},"minecraft:recipes/combat/shield":{"criteria":{"has_iron_ingot":"2024-10-08 19:20:44 +0000"},"done":true},"minecraft:recipes/redstone/hopper":{"criteria":{"has_iron_ingot":"2024-10-08 19:20:44 +0000"},"done":true},"minecraft:recipes/decorations/iron_bars":{"criteria":{"has_iron_ingot":"2024-10-08 19:20:44 +0000"},"done":true},"minecraft:recipes/combat/iron_boots":{"criteria":{"has_iron_ingot":"2024-10-08 19:20:44 +0000"},"done":true},"minecraft:recipes/combat/iron_chestplate":{"criteria":{"has_iron_ingot":"2024-10-08 19:20:44 +0000"},"done":true},"minecraft:recipes/decorations/lantern":{"criteria":{"has_iron_ingot":"2024-10-08 19:20:44 +0000"},"done":true},"minecraft:recipes/misc/iron_nugget":{"criteria":{"has_iron_ingot":"2024-10-08 19:20:44 +0000"},"done":true},"minecraft:recipes/misc/bucket":{"criteria":{"has_iron_ingot":"2024-10-08 19:20:44 +0000"},"done":true},"minecraft:recipes/combat/iron_helmet":{"criteria":{"has_iron_ingot":"2024-10-08 19:20:44 +0000"},"done":true},"minecraft:recipes/transportation/minecart":{"criteria":{"has_iron_ingot":"2024-10-08 19:20:44 +0000"},"done":true},"minecraft:recipes/tools/iron_hoe":{"criteria":{"has_iron_ingot":"2024-10-08 19:20:44 +0000"},"done":true},"minecraft:recipes/tools/iron_shovel":{"criteria":{"has_iron_ingot":"2024-10-08 19:20:44 +0000"},"done":true},"minecraft:story/smelt_iron":{"criteria":{"iron":"2024-10-08 19:20:44 +0000"},"done":true},"minecraft:recipes/tools/shears":{"criteria":{"has_iron_ingot":"2024-10-08 19:20:44 +0000"},"done":true},"minecraft:recipes/redstone/iron_trapdoor":{"criteria":{"has_iron_ingot":"2024-10-08 19:20:44 +0000"},"done":true},"minecraft:recipes/decorations/chain":{"criteria":{"has_iron_ingot":"2024-10-08 19:20:44 +0000"},"done":true},"minecraft:recipes/building_blocks/iron_block":{"criteria":{"has_iron_ingot":"2024-10-08 19:20:44 +0000"},"done":true},"minecraft:recipes/tools/iron_axe":{"criteria":{"has_iron_ingot":"2024-10-08 19:20:44 +0000"},"done":true},"minecraft:recipes/combat/crossbow":{"criteria":{"has_iron_ingot":"2024-10-08 19:20:44 +0000"},"done":true},"minecraft:recipes/decorations/smithing_table":{"criteria":{"has_iron_ingot":"2024-10-08 19:20:44 +0000"},"done":true},"minecraft:recipes/redstone/iron_door":{"criteria":{"has_iron_ingot":"2024-10-08 19:20:44 +0000"},"done":true},"minecraft:recipes/redstone/heavy_weighted_pressure_plate":{"criteria":{"has_iron_ingot":"2024-10-08 19:20:44 +0000"},"done":true},"minecraft:recipes/building_blocks/acacia_planks":{"criteria":{"has_log":"2024-10-08 19:21:03 +0000"},"done":true},"minecraft:recipes/building_blocks/oak_slab":{"criteria":{"has_planks":"2024-10-08 19:21:39 +0000"},"done":true},"minecraft:recipes/decorations/oak_sign":{"criteria":{"has_planks":"2024-10-08 19:21:39 +0000"},"done":true},"minecraft:recipes/redstone/oak_trapdoor":{"criteria":{"has_planks":"2024-10-08 19:21:39 +0000"},"done":true},"minecraft:recipes/redstone/oak_fence_gate":{"criteria":{"has_planks":"2024-10-08 19:21:39 +0000"},"done":true},"minecraft:recipes/redstone/oak_pressure_plate":{"criteria":{"has_planks":"2024-10-08 19:21:39 +0000"},"done":true},"minecraft:recipes/redstone/oak_door":{"criteria":{"has_planks":"2024-10-08 19:21:39 +0000"},"done":true},"minecraft:recipes/building_blocks/oak_stairs":{"criteria":{"has_planks":"2024-10-08 19:21:39 +0000"},"done":true},"minecraft:recipes/decorations/oak_fence":{"criteria":{"has_planks":"2024-10-08 19:21:39 +0000"},"done":true},"minecraft:recipes/redstone/oak_button":{"criteria":{"has_planks":"2024-10-08 19:21:39 +0000"},"done":true},"minecraft:adventure/sleep_in_bed":{"criteria":{"slept_in_bed":"2024-10-08 19:21:47 +0000"},"done":true},"minecraft:recipes/misc/sugar_from_sugar_cane":{"criteria":{"has_sugar_cane":"2024-10-08 19:24:52 +0000"},"done":true},"minecraft:recipes/misc/paper":{"criteria":{"has_reeds":"2024-10-08 19:24:52 +0000"},"done":true},"minecraft:recipes/building_blocks/emerald_block":{"criteria":{"has_emerald":"2024-10-08 19:25:49 +0000"},"done":true},"minecraft:recipes/building_blocks/acacia_wood":{"criteria":{"has_log":"2024-10-08 19:26:48 +0000"},"done":true},"minecraft:recipes/misc/wheat":{"criteria":{"has_hay_block":"2024-10-08 19:32:08 +0000"},"done":true},"minecraft:recipes/redstone/target":{"criteria":{"has_hay_block":"2024-10-08 19:32:08 +0000"},"done":true},"minecraft:recipes/redstone/acacia_button":{"criteria":{"has_planks":"2024-10-08 19:32:43 +0000"},"done":true},"minecraft:recipes/redstone/acacia_pressure_plate":{"criteria":{"has_planks":"2024-10-08 19:32:43 +0000"},"done":true},"minecraft:recipes/decorations/acacia_sign":{"criteria":{"has_planks":"2024-10-08 19:32:43 +0000"},"done":true},"minecraft:recipes/building_blocks/acacia_slab":{"criteria":{"has_planks":"2024-10-08 19:32:43 +0000"},"done":true},"minecraft:recipes/redstone/acacia_trapdoor":{"criteria":{"has_planks":"2024-10-08 19:32:43 +0000"},"done":true},"minecraft:recipes/decorations/acacia_fence":{"criteria":{"has_planks":"2024-10-08 19:32:43 +0000"},"done":true},"minecraft:recipes/building_blocks/acacia_stairs":{"criteria":{"has_planks":"2024-10-08 19:32:43 +0000"},"done":true},"minecraft:recipes/redstone/acacia_door":{"criteria":{"has_planks":"2024-10-08 19:32:43 +0000"},"done":true},"minecraft:recipes/redstone/acacia_fence_gate":{"criteria":{"has_planks":"2024-10-08 19:32:43 +0000"},"done":true},"minecraft:recipes/misc/red_dye_from_poppy":{"criteria":{"has_poppy":"2024-10-08 19:33:41 +0000"},"done":true},"minecraft:recipes/misc/iron_nugget_from_smelting":{"criteria":{"has_iron_shovel":"2024-10-08 19:42:08 +0000"},"done":true},"minecraft:recipes/misc/iron_nugget_from_blasting":{"criteria":{"has_iron_shovel":"2024-10-08 19:42:08 +0000"},"done":true},"minecraft:recipes/brewing/cauldron":{"criteria":{"has_water_bucket":"2024-10-08 19:44:33 +0000"},"done":true},"minecraft:recipes/misc/yellow_dye_from_dandelion":{"criteria":{"has_dandelion":"2024-10-08 19:47:27 +0000"},"done":true},"minecraft:story/iron_tools":{"criteria":{"iron_pickaxe":"2024-10-08 19:58:59 +0000"},"done":true},"minecraft:story/obtain_armor":{"criteria":{"iron_chestplate":"2024-10-08 19:59:09 +0000"},"done":true},"minecraft:recipes/misc/iron_ingot_from_smelting_raw_iron":{"criteria":{"has_raw_iron":"2024-10-08 19:59:49 +0000"},"done":true},"minecraft:recipes/building_blocks/raw_iron_block":{"criteria":{"has_raw_iron":"2024-10-08 19:59:49 +0000"},"done":true},"minecraft:recipes/misc/iron_ingot_from_blasting_raw_iron":{"criteria":{"has_raw_iron":"2024-10-08 19:59:49 +0000"},"done":true},"minecraft:recipes/combat/wolf_armor":{"criteria":{"has_armadillo_scute":"2024-10-08 20:04:05 +0000"},"done":true},"minecraft:recipes/building_blocks/polished_deepslate":{"criteria":{"has_cobbled_deepslate":"2024-10-08 20:06:40 +0000"},"done":true},"minecraft:recipes/building_blocks/deepslate_tile_stairs_from_cobbled_deepslate_stonecutting":{"criteria":{"has_cobbled_deepslate":"2024-10-08 20:06:40 +0000"},"done":true},"minecraft:recipes/decorations/deepslate_brick_wall_from_cobbled_deepslate_stonecutting":{"criteria":{"has_cobbled_deepslate":"2024-10-08 20:06:40 +0000"},"done":true},"minecraft:recipes/building_blocks/polished_deepslate_from_cobbled_deepslate_stonecutting":{"criteria":{"has_cobbled_deepslate":"2024-10-08 20:06:40 +0000"},"done":true},"minecraft:recipes/building_blocks/polished_deepslate_slab_from_cobbled_deepslate_stonecutting":{"criteria":{"has_cobbled_deepslate":"2024-10-08 20:06:40 +0000"},"done":true},"minecraft:recipes/building_blocks/deepslate_brick_stairs_from_cobbled_deepslate_stonecutting":{"criteria":{"has_cobbled_deepslate":"2024-10-08 20:06:40 +0000"},"done":true},"minecraft:recipes/building_blocks/deepslate_brick_slab_from_cobbled_deepslate_stonecutting":{"criteria":{"has_cobbled_deepslate":"2024-10-08 20:06:40 +0000"},"done":true},"minecraft:recipes/building_blocks/cobbled_deepslate_slab_from_cobbled_deepslate_stonecutting":{"criteria":{"has_cobbled_deepslate":"2024-10-08 20:06:40 +0000"},"done":true},"minecraft:recipes/building_blocks/deepslate_tile_slab_from_cobbled_deepslate_stonecutting":{"criteria":{"has_cobbled_deepslate":"2024-10-08 20:06:40 +0000"},"done":true},"minecraft:recipes/building_blocks/cobbled_deepslate_stairs":{"criteria":{"has_cobbled_deepslate":"2024-10-08 20:06:40 +0000"},"done":true},"minecraft:recipes/building_blocks/chiseled_deepslate_from_cobbled_deepslate_stonecutting":{"criteria":{"has_cobbled_deepslate":"2024-10-08 20:06:40 +0000"},"done":true},"minecraft:recipes/building_blocks/cobbled_deepslate_slab":{"criteria":{"has_cobbled_deepslate":"2024-10-08 20:06:40 +0000"},"done":true},"minecraft:recipes/decorations/cobbled_deepslate_wall_from_cobbled_deepslate_stonecutting":{"criteria":{"has_cobbled_deepslate":"2024-10-08 20:06:40 +0000"},"done":true},"minecraft:recipes/decorations/deepslate_tile_wall_from_cobbled_deepslate_stonecutting":{"criteria":{"has_cobbled_deepslate":"2024-10-08 20:06:40 +0000"},"done":true},"minecraft:recipes/decorations/cobbled_deepslate_wall":{"criteria":{"has_cobbled_deepslate":"2024-10-08 20:06:40 +0000"},"done":true},"minecraft:recipes/decorations/polished_deepslate_wall_from_cobbled_deepslate_stonecutting":{"criteria":{"has_cobbled_deepslate":"2024-10-08 20:06:40 +0000"},"done":true},"minecraft:recipes/building_blocks/deepslate_bricks_from_cobbled_deepslate_stonecutting":{"criteria":{"has_cobbled_deepslate":"2024-10-08 20:06:40 +0000"},"done":true},"minecraft:recipes/building_blocks/deepslate_tiles_from_cobbled_deepslate_stonecutting":{"criteria":{"has_cobbled_deepslate":"2024-10-08 20:06:40 +0000"},"done":true},"minecraft:recipes/building_blocks/cobbled_deepslate_stairs_from_cobbled_deepslate_stonecutting":{"criteria":{"has_cobbled_deepslate":"2024-10-08 20:06:40 +0000"},"done":true},"minecraft:recipes/building_blocks/deepslate":{"criteria":{"has_cobbled_deepslate":"2024-10-08 20:06:40 +0000"},"done":true},"minecraft:recipes/building_blocks/polished_deepslate_stairs_from_cobbled_deepslate_stonecutting":{"criteria":{"has_cobbled_deepslate":"2024-10-08 20:06:40 +0000"},"done":true},"minecraft:recipes/misc/melon_seeds":{"criteria":{"has_melon":"2024-10-08 20:06:41 +0000"},"done":true},"minecraft:recipes/brewing/glistering_melon_slice":{"criteria":{"has_melon":"2024-10-08 20:06:41 +0000"},"done":true},"minecraft:recipes/building_blocks/melon":{"criteria":{"has_melon":"2024-10-08 20:06:41 +0000"},"done":true},"minecraft:recipes/redstone/redstone_torch":{"criteria":{"has_redstone":"2024-10-08 20:06:42 +0000"},"done":true},"minecraft:recipes/tools/clock":{"criteria":{"has_redstone":"2024-10-08 20:06:42 +0000"},"done":true},"minecraft:recipes/redstone/dropper":{"criteria":{"has_redstone":"2024-10-08 20:06:42 +0000"},"done":true},"minecraft:recipes/redstone/redstone_block":{"criteria":{"has_redstone":"2024-10-08 20:06:42 +0000"},"done":true},"minecraft:recipes/redstone/note_block":{"criteria":{"has_redstone":"2024-10-08 20:06:42 +0000"},"done":true},"minecraft:recipes/tools/compass":{"criteria":{"has_redstone":"2024-10-08 20:06:42 +0000"},"done":true},"minecraft:recipes/redstone/piston":{"criteria":{"has_redstone":"2024-10-08 20:06:42 +0000"},"done":true},"minecraft:recipes/transportation/carrot_on_a_stick":{"criteria":{"has_carrot":"2024-10-08 20:07:37 +0000"},"done":true},"minecraft:recipes/misc/white_dye":{"criteria":{"has_bone_meal":"2024-10-08 20:08:10 +0000"},"done":true},"minecraft:recipes/building_blocks/bone_block":{"criteria":{"has_bone_meal":"2024-10-08 20:08:10 +0000"},"done":true},"minecraft:recipes/building_blocks/red_stained_glass":{"criteria":{"has_glass":"2024-10-08 20:10:27 +0000"},"done":true},"minecraft:recipes/building_blocks/light_blue_stained_glass":{"criteria":{"has_glass":"2024-10-08 20:10:27 +0000"},"done":true},"minecraft:recipes/brewing/glass_bottle":{"criteria":{"has_glass":"2024-10-08 20:10:27 +0000"},"done":true},"minecraft:recipes/building_blocks/green_stained_glass":{"criteria":{"has_glass":"2024-10-08 20:10:27 +0000"},"done":true},"minecraft:recipes/building_blocks/brown_stained_glass":{"criteria":{"has_glass":"2024-10-08 20:10:27 +0000"},"done":true},"minecraft:recipes/building_blocks/light_gray_stained_glass":{"criteria":{"has_glass":"2024-10-08 20:10:27 +0000"},"done":true},"minecraft:recipes/building_blocks/blue_stained_glass":{"criteria":{"has_glass":"2024-10-08 20:10:27 +0000"},"done":true},"minecraft:recipes/building_blocks/orange_stained_glass":{"criteria":{"has_glass":"2024-10-08 20:10:27 +0000"},"done":true},"minecraft:recipes/building_blocks/cyan_stained_glass":{"criteria":{"has_glass":"2024-10-08 20:10:27 +0000"},"done":true},"minecraft:recipes/building_blocks/pink_stained_glass":{"criteria":{"has_glass":"2024-10-08 20:10:27 +0000"},"done":true},"minecraft:recipes/building_blocks/black_stained_glass":{"criteria":{"has_glass":"2024-10-08 20:10:27 +0000"},"done":true},"minecraft:recipes/building_blocks/gray_stained_glass":{"criteria":{"has_glass":"2024-10-08 20:10:27 +0000"},"done":true},"minecraft:recipes/building_blocks/purple_stained_glass":{"criteria":{"has_glass":"2024-10-08 20:10:27 +0000"},"done":true},"minecraft:recipes/building_blocks/yellow_stained_glass":{"criteria":{"has_glass":"2024-10-08 20:10:27 +0000"},"done":true},"minecraft:recipes/building_blocks/lime_stained_glass":{"criteria":{"has_glass":"2024-10-08 20:10:27 +0000"},"done":true},"minecraft:recipes/decorations/glass_pane":{"criteria":{"has_glass":"2024-10-08 20:10:27 +0000"},"done":true},"minecraft:recipes/building_blocks/magenta_stained_glass":{"criteria":{"has_glass":"2024-10-08 20:10:27 +0000"},"done":true},"minecraft:recipes/building_blocks/white_stained_glass":{"criteria":{"has_glass":"2024-10-08 20:10:27 +0000"},"done":true},"minecraft:recipes/combat/bow":{"criteria":{"has_string":"2024-10-08 21:50:20 +0000"},"done":true},"minecraft:recipes/tools/fishing_rod":{"criteria":{"has_string":"2024-10-08 21:50:20 +0000"},"done":true},"minecraft:recipes/building_blocks/white_wool_from_string":{"criteria":{"has_string":"2024-10-08 21:50:20 +0000"},"done":true},"minecraft:recipes/redstone/tripwire_hook":{"criteria":{"has_string":"2024-10-08 21:50:20 +0000"},"done":true},"minecraft:recipes/decorations/candle":{"criteria":{"has_string":"2024-10-08 21:50:20 +0000"},"done":true},"minecraft:recipes/decorations/loom":{"criteria":{"has_string":"2024-10-08 21:50:20 +0000"},"done":true},"minecraft:recipes/building_blocks/lime_concrete_powder":{"criteria":{"has_sand":"2024-10-09 15:33:11 +0000"},"done":true},"minecraft:recipes/combat/leather_helmet":{"criteria":{"has_leather":"2024-10-09 15:44:48 +0000"},"done":true},"minecraft:recipes/decorations/blast_furnace":{"criteria":{"has_smooth_stone":"2024-10-09 15:49:03 +0000"},"done":true},"minecraft:recipes/food/cake":{"criteria":{"has_egg":"2024-10-09 15:45:44 +0000"},"done":true},"minecraft:recipes/building_blocks/light_gray_concrete_powder":{"criteria":{"has_sand":"2024-10-09 15:33:11 +0000"},"done":true},"minecraft:recipes/combat/leather_leggings":{"criteria":{"has_leather":"2024-10-09 15:44:48 +0000"},"done":true},"minecraft:recipes/building_blocks/pink_concrete_powder":{"criteria":{"has_sand":"2024-10-09 15:33:11 +0000"},"done":true},"minecraft:recipes/food/cooked_beef_from_smoking":{"criteria":{"has_beef":"2024-10-09 15:44:49 +0000"},"done":true},"minecraft:recipes/decorations/fletching_table":{"criteria":{"has_flint":"2024-10-09 15:33:12 +0000"},"done":true},"minecraft:recipes/building_blocks/orange_concrete_powder":{"criteria":{"has_sand":"2024-10-09 15:33:11 +0000"},"done":true},"minecraft:recipes/decorations/yellow_glazed_terracotta":{"criteria":{"has_yellow_terracotta":"2024-10-09 15:48:56 +0000"},"done":true},"minecraft:recipes/building_blocks/red_concrete_powder":{"criteria":{"has_sand":"2024-10-09 15:33:11 +0000"},"done":true},"minecraft:recipes/building_blocks/magenta_concrete_powder":{"criteria":{"has_sand":"2024-10-09 15:33:11 +0000"},"done":true},"minecraft:recipes/building_blocks/brown_concrete_powder":{"criteria":{"has_sand":"2024-10-09 15:33:11 +0000"},"done":true},"minecraft:recipes/tools/flint_and_steel":{"criteria":{"has_flint":"2024-10-09 15:33:12 +0000"},"done":true},"minecraft:recipes/building_blocks/light_blue_concrete_powder":{"criteria":{"has_sand":"2024-10-09 15:33:11 +0000"},"done":true},"minecraft:recipes/building_blocks/glass":{"criteria":{"has_smelts_to_glass":"2024-10-09 15:33:11 +0000"},"done":true},"minecraft:recipes/building_blocks/green_concrete_powder":{"criteria":{"has_sand":"2024-10-09 15:33:11 +0000"},"done":true},"minecraft:recipes/decorations/item_frame":{"criteria":{"has_leather":"2024-10-09 15:44:48 +0000"},"done":true},"minecraft:recipes/decorations/red_glazed_terracotta":{"criteria":{"has_red_terracotta":"2024-10-09 15:38:28 +0000"},"done":true},"minecraft:recipes/combat/arrow":{"criteria":{"has_flint":"2024-10-09 15:33:12 +0000"},"done":true},"minecraft:recipes/building_blocks/blue_concrete_powder":{"criteria":{"has_sand":"2024-10-09 15:33:11 +0000"},"done":true},"minecraft:recipes/combat/leather_chestplate":{"criteria":{"has_leather":"2024-10-09 15:44:48 +0000"},"done":true},"minecraft:recipes/building_blocks/yellow_concrete_powder":{"criteria":{"has_sand":"2024-10-09 15:33:11 +0000"},"done":true},"minecraft:recipes/redstone/trapped_chest":{"criteria":{"has_tripwire_hook":"2024-10-09 15:32:35 +0000"},"done":true},"minecraft:recipes/building_blocks/sandstone":{"criteria":{"has_sand":"2024-10-09 15:33:11 +0000"},"done":true},"minecraft:recipes/building_blocks/white_concrete_powder":{"criteria":{"has_sand":"2024-10-09 15:33:11 +0000"},"done":true},"minecraft:recipes/building_blocks/gray_concrete_powder":{"criteria":{"has_sand":"2024-10-09 15:33:11 +0000"},"done":true},"minecraft:recipes/building_blocks/black_concrete_powder":{"criteria":{"has_sand":"2024-10-09 15:33:11 +0000"},"done":true},"minecraft:recipes/combat/leather_boots":{"criteria":{"has_leather":"2024-10-09 15:44:48 +0000"},"done":true},"minecraft:recipes/misc/leather_horse_armor":{"criteria":{"has_leather":"2024-10-09 15:44:48 +0000"},"done":true},"minecraft:recipes/building_blocks/purple_concrete_powder":{"criteria":{"has_sand":"2024-10-09 15:33:11 +0000"},"done":true},"minecraft:recipes/building_blocks/smooth_stone_slab":{"criteria":{"has_smooth_stone":"2024-10-09 15:49:03 +0000"},"done":true},"minecraft:recipes/building_blocks/cyan_concrete_powder":{"criteria":{"has_sand":"2024-10-09 15:33:11 +0000"},"done":true},"minecraft:recipes/building_blocks/smooth_stone_slab_from_smooth_stone_stonecutting":{"criteria":{"has_smooth_stone":"2024-10-09 15:49:03 +0000"},"done":true},"minecraft:recipes/food/cooked_beef":{"criteria":{"has_beef":"2024-10-09 15:44:49 +0000"},"done":true},"minecraft:recipes/food/cooked_beef_from_campfire_cooking":{"criteria":{"has_beef":"2024-10-09 15:44:49 +0000"},"done":true},"DataVersion":3955}